timestamp,meter_id,location,usage_mw
2027-01-01T00:00:00Z,1,HB_WEST,0.4558
2027-01-01T01:00:00Z,1,HB_WEST,0.3832
2027-01-01T02:00:00Z,1,HB_WEST,0.3594
2027-01-01T03:00:00Z,1,HB_WEST,0.3275
2027-01-01T04:00:00Z,1,HB_WEST,0.3107
2027-01-01T05:00:00Z,1,HB_WEST,0.319
2027-01-01T06:00:00Z,1,HB_WEST,0.3044
2027-01-01T07:00:00Z,1,HB_WEST,0.2988
2027-01-01T08:00:00Z,1,HB_WEST,0.3001
2027-01-01T09:00:00Z,1,HB_WEST,0.3109
2027-01-01T10:00:00Z,1,HB_WEST,0.313
2027-01-01T11:00:00Z,1,HB_WEST,0.3317
2027-01-01T12:00:00Z,1,HB_WEST,0.3516
2027-01-01T13:00:00Z,1,HB_WEST,0.4019
2027-01-01T14:00:00Z,1,HB_WEST,0.4591
2027-01-01T15:00:00Z,1,HB_WEST,0.54
2027-01-01T16:00:00Z,1,HB_WEST,0.641
2027-01-01T17:00:00Z,1,HB_WEST,0.731
2027-01-01T18:00:00Z,1,HB_WEST,0.7741
2027-01-01T19:00:00Z,1,HB_WEST,0.7875
2027-01-01T20:00:00Z,1,HB_WEST,0.7851
2027-01-01T21:00:00Z,1,HB_WEST,0.7004
2027-01-01T22:00:00Z,1,HB_WEST,0.617
2027-01-01T23:00:00Z,1,HB_WEST,0.5319
2027-01-02T00:00:00Z,1,HB_WEST,0.3657
2027-01-02T01:00:00Z,1,HB_WEST,0.3314
2027-01-02T02:00:00Z,1,HB_WEST,0.316
2027-01-02T03:00:00Z,1,HB_WEST,0.3189
2027-01-02T04:00:00Z,1,HB_WEST,0.3141
2027-01-02T05:00:00Z,1,HB_WEST,0.3077
2027-01-02T06:00:00Z,1,HB_WEST,0.302
2027-01-02T07:00:00Z,1,HB_WEST,0.3072
2027-01-02T08:00:00Z,1,HB_WEST,0.3001
2027-01-02T09:00:00Z,1,HB_WEST,0.3163
2027-01-02T10:00:00Z,1,HB_WEST,0.3097
2027-01-02T11:00:00Z,1,HB_WEST,0.3139
2027-01-02T12:00:00Z,1,HB_WEST,0.3247
2027-01-02T13:00:00Z,1,HB_WEST,0.3333
2027-01-02T14:00:00Z,1,HB_WEST,0.3482
2027-01-02T15:00:00Z,1,HB_WEST,0.3908
2027-01-02T16:00:00Z,1,HB_WEST,0.4264
2027-01-02T17:00:00Z,1,HB_WEST,0.4596
2027-01-02T18:00:00Z,1,HB_WEST,0.4723
2027-01-02T19:00:00Z,1,HB_WEST,0.47
2027-01-02T20:00:00Z,1,HB_WEST,0.4672
2027-01-02T21:00:00Z,1,HB_WEST,0.4421
2027-01-02T22:00:00Z,1,HB_WEST,0.4122
2027-01-02T23:00:00Z,1,HB_WEST,0.3801
2027-01-03T00:00:00Z,1,HB_WEST,0.3607
2027-01-03T01:00:00Z,1,HB_WEST,0.3424
2027-01-03T02:00:00Z,1,HB_WEST,0.3252
2027-01-03T03:00:00Z,1,HB_WEST,0.319
2027-01-03T04:00:00Z,1,HB_WEST,0.314
2027-01-03T05:00:00Z,1,HB_WEST,0.3086
2027-01-03T06:00:00Z,1,HB_WEST,0.3106
2027-01-03T07:00:00Z,1,HB_WEST,0.3149
2027-01-03T08:00:00Z,1,HB_WEST,0.3035
2027-01-03T09:00:00Z,1,HB_WEST,0.3051
2027-01-03T10:00:00Z,1,HB_WEST,0.3117
2027-01-03T11:00:00Z,1,HB_WEST,0.3212
2027-01-03T12:00:00Z,1,HB_WEST,0.3308
2027-01-03T12:00:00Z,2,HB_NORTH,0.4416
2027-01-03T13:00:00Z,1,HB_WEST,0.3344
2027-01-03T13:00:00Z,2,HB_NORTH,0.4928
2027-01-03T14:00:00Z,1,HB_WEST,0.3632
2027-01-03T14:00:00Z,2,HB_NORTH,0.5504
2027-01-03T15:00:00Z,1,HB_WEST,0.3866
2027-01-03T15:00:00Z,2,HB_NORTH,0.5988
2027-01-03T16:00:00Z,1,HB_WEST,0.4226
2027-01-03T16:00:00Z,2,HB_NORTH,0.6695
2027-01-03T17:00:00Z,1,HB_WEST,0.4594
2027-01-03T17:00:00Z,2,HB_NORTH,0.7808
2027-01-03T18:00:00Z,1,HB_WEST,0.4754
2027-01-03T18:00:00Z,2,HB_NORTH,0.8098
2027-01-03T19:00:00Z,1,HB_WEST,0.4865
2027-01-03T19:00:00Z,2,HB_NORTH,0.8351
2027-01-03T20:00:00Z,1,HB_WEST,0.4774
2027-01-03T20:00:00Z,2,HB_NORTH,0.8172
2027-01-03T21:00:00Z,1,HB_WEST,0.4397
2027-01-03T21:00:00Z,2,HB_NORTH,0.7832
2027-01-03T22:00:00Z,1,HB_WEST,0.4172
2027-01-03T22:00:00Z,2,HB_NORTH,0.6926
2027-01-03T23:00:00Z,1,HB_WEST,0.3834
2027-01-03T23:00:00Z,2,HB_NORTH,0.6112
2027-01-04T00:00:00Z,1,HB_WEST,0.45
2027-01-04T00:00:00Z,2,HB_NORTH,0.7519
2027-01-04T01:00:00Z,1,HB_WEST,0.3989
2027-01-04T01:00:00Z,2,HB_NORTH,0.6023
2027-01-04T02:00:00Z,1,HB_WEST,0.3538
2027-01-04T02:00:00Z,2,HB_NORTH,0.5124
2027-01-04T03:00:00Z,1,HB_WEST,0.3299
2027-01-04T03:00:00Z,2,HB_NORTH,0.4694
2027-01-04T04:00:00Z,1,HB_WEST,0.3105
2027-01-04T04:00:00Z,2,HB_NORTH,0.4368
2027-01-04T05:00:00Z,1,HB_WEST,0.3192
2027-01-04T05:00:00Z,2,HB_NORTH,0.4181
2027-01-04T06:00:00Z,1,HB_WEST,0.2982
2027-01-04T06:00:00Z,2,HB_NORTH,0.4104
2027-01-04T07:00:00Z,1,HB_WEST,0.3056
2027-01-04T07:00:00Z,2,HB_NORTH,0.4103
2027-01-04T08:00:00Z,1,HB_WEST,0.3126
2027-01-04T08:00:00Z,2,HB_NORTH,0.4264
2027-01-04T09:00:00Z,1,HB_WEST,0.3068
2027-01-04T09:00:00Z,2,HB_NORTH,0.4338
2027-01-04T10:00:00Z,1,HB_WEST,0.3131
2027-01-04T10:00:00Z,2,HB_NORTH,0.4263
2027-01-04T11:00:00Z,1,HB_WEST,0.3224
2027-01-04T11:00:00Z,2,HB_NORTH,0.4636
2027-01-04T12:00:00Z,1,HB_WEST,0.3499
2027-01-04T12:00:00Z,2,HB_NORTH,0.5223
2027-01-04T13:00:00Z,1,HB_WEST,0.3842
2027-01-04T13:00:00Z,2,HB_NORTH,0.6234
2027-01-04T14:00:00Z,1,HB_WEST,0.4577
2027-01-04T14:00:00Z,2,HB_NORTH,0.7789
2027-01-04T15:00:00Z,1,HB_WEST,0.5222
2027-01-04T15:00:00Z,2,HB_NORTH,0.9578
2027-01-04T16:00:00Z,1,HB_WEST,0.619
2027-01-04T16:00:00Z,2,HB_NORTH,1.1763
2027-01-04T17:00:00Z,1,HB_WEST,0.7222
2027-01-04T17:00:00Z,2,HB_NORTH,1.3786
2027-01-04T18:00:00Z,1,HB_WEST,0.8037
2027-01-04T18:00:00Z,2,HB_NORTH,1.557
2027-01-04T19:00:00Z,1,HB_WEST,0.794
2027-01-04T19:00:00Z,2,HB_NORTH,1.6476
2027-01-04T20:00:00Z,1,HB_WEST,0.8054
2027-01-04T20:00:00Z,2,HB_NORTH,1.553
2027-01-04T21:00:00Z,1,HB_WEST,0.7058
2027-01-04T21:00:00Z,2,HB_NORTH,1.4148
2027-01-04T22:00:00Z,1,HB_WEST,0.6267
2027-01-04T22:00:00Z,2,HB_NORTH,1.1649
2027-01-04T23:00:00Z,1,HB_WEST,0.5481
2027-01-04T23:00:00Z,2,HB_NORTH,0.9663
2027-01-05T00:00:00Z,1,HB_WEST,0.4445
2027-01-05T00:00:00Z,2,HB_NORTH,0.7783
2027-01-05T01:00:00Z,1,HB_WEST,0.3991
2027-01-05T01:00:00Z,2,HB_NORTH,0.6329
2027-01-05T02:00:00Z,1,HB_WEST,0.3468
2027-01-05T02:00:00Z,2,HB_NORTH,0.5066
2027-01-05T03:00:00Z,1,HB_WEST,0.3219
2027-01-05T03:00:00Z,2,HB_NORTH,0.4695
2027-01-05T04:00:00Z,1,HB_WEST,0.3077
2027-01-05T04:00:00Z,2,HB_NORTH,0.4283
2027-01-05T05:00:00Z,1,HB_WEST,0.3067
2027-01-05T05:00:00Z,2,HB_NORTH,0.4172
2027-01-05T06:00:00Z,1,HB_WEST,0.2984
2027-01-05T06:00:00Z,2,HB_NORTH,0.4237
2027-01-05T07:00:00Z,1,HB_WEST,0.3164
2027-01-05T07:00:00Z,2,HB_NORTH,0.4027
2027-01-05T08:00:00Z,1,HB_WEST,0.3064
2027-01-05T08:00:00Z,2,HB_NORTH,0.4165
2027-01-05T09:00:00Z,1,HB_WEST,0.3111
2027-01-05T09:00:00Z,2,HB_NORTH,0.4222
2027-01-05T10:00:00Z,1,HB_WEST,0.3163
2027-01-05T10:00:00Z,2,HB_NORTH,0.4464
2027-01-05T11:00:00Z,1,HB_WEST,0.326
2027-01-05T11:00:00Z,2,HB_NORTH,0.4646
2027-01-05T12:00:00Z,1,HB_WEST,0.3438
2027-01-05T12:00:00Z,2,HB_NORTH,0.5145
2027-01-05T13:00:00Z,1,HB_WEST,0.3951
2027-01-05T13:00:00Z,2,HB_NORTH,0.6216
2027-01-05T14:00:00Z,1,HB_WEST,0.4414
2027-01-05T14:00:00Z,2,HB_NORTH,0.7879
2027-01-05T14:00:00Z,3,HB_SOUTH,0.6817
2027-01-05T15:00:00Z,1,HB_WEST,0.5516
2027-01-05T15:00:00Z,2,HB_NORTH,0.9499
2027-01-05T15:00:00Z,3,HB_SOUTH,0.8569
2027-01-05T16:00:00Z,1,HB_WEST,0.6225
2027-01-05T16:00:00Z,2,HB_NORTH,1.1905
2027-01-05T16:00:00Z,3,HB_SOUTH,1.0298
2027-01-05T17:00:00Z,1,HB_WEST,0.7092
2027-01-05T17:00:00Z,2,HB_NORTH,1.378
2027-01-05T17:00:00Z,3,HB_SOUTH,1.1798
2027-01-05T18:00:00Z,1,HB_WEST,0.7997
2027-01-05T18:00:00Z,2,HB_NORTH,1.5659
2027-01-05T18:00:00Z,3,HB_SOUTH,1.289
2027-01-05T19:00:00Z,1,HB_WEST,0.8012
2027-01-05T19:00:00Z,2,HB_NORTH,1.6068
2027-01-05T19:00:00Z,3,HB_SOUTH,1.315
2027-01-05T20:00:00Z,1,HB_WEST,0.7762
2027-01-05T20:00:00Z,2,HB_NORTH,1.5274
2027-01-05T20:00:00Z,3,HB_SOUTH,1.243
2027-01-05T21:00:00Z,1,HB_WEST,0.7019
2027-01-05T21:00:00Z,2,HB_NORTH,1.3732
2027-01-05T21:00:00Z,3,HB_SOUTH,1.134
2027-01-05T22:00:00Z,1,HB_WEST,0.6332
2027-01-05T22:00:00Z,2,HB_NORTH,1.1563
2027-01-05T22:00:00Z,3,HB_SOUTH,1.0318
2027-01-05T23:00:00Z,1,HB_WEST,0.5286
2027-01-05T23:00:00Z,2,HB_NORTH,0.9538
2027-01-05T23:00:00Z,3,HB_SOUTH,0.83
2027-01-06T00:00:00Z,1,HB_WEST,0.4541
2027-01-06T00:00:00Z,2,HB_NORTH,0.7477
2027-01-06T00:00:00Z,3,HB_SOUTH,0.6809
2027-01-06T01:00:00Z,1,HB_WEST,0.3895
2027-01-06T01:00:00Z,2,HB_NORTH,0.6174
2027-01-06T01:00:00Z,3,HB_SOUTH,0.5685
2027-01-06T02:00:00Z,1,HB_WEST,0.3459
2027-01-06T02:00:00Z,2,HB_NORTH,0.5365
2027-01-06T02:00:00Z,3,HB_SOUTH,0.5034
2027-01-06T03:00:00Z,1,HB_WEST,0.3341
2027-01-06T03:00:00Z,2,HB_NORTH,0.4663
2027-01-06T03:00:00Z,3,HB_SOUTH,0.4799
2027-01-06T04:00:00Z,1,HB_WEST,0.3231
2027-01-06T04:00:00Z,2,HB_NORTH,0.4235
2027-01-06T04:00:00Z,3,HB_SOUTH,0.444
2027-01-06T05:00:00Z,1,HB_WEST,0.3168
2027-01-06T05:00:00Z,2,HB_NORTH,0.4253
2027-01-06T05:00:00Z,3,HB_SOUTH,0.4518
2027-01-06T06:00:00Z,1,HB_WEST,0.3071
2027-01-06T06:00:00Z,2,HB_NORTH,0.406
2027-01-06T06:00:00Z,3,HB_SOUTH,0.4244
2027-01-06T07:00:00Z,1,HB_WEST,0.2986
2027-01-06T07:00:00Z,2,HB_NORTH,0.4124
2027-01-06T07:00:00Z,3,HB_SOUTH,0.4351
2027-01-06T08:00:00Z,1,HB_WEST,0.3034
2027-01-06T08:00:00Z,2,HB_NORTH,0.4052
2027-01-06T08:00:00Z,3,HB_SOUTH,0.4268
2027-01-06T09:00:00Z,1,HB_WEST,0.3111
2027-01-06T09:00:00Z,2,HB_NORTH,0.4329
2027-01-06T09:00:00Z,3,HB_SOUTH,0.4461
2027-01-06T10:00:00Z,1,HB_WEST,0.3222
2027-01-06T10:00:00Z,2,HB_NORTH,0.4423
2027-01-06T10:00:00Z,3,HB_SOUTH,0.4551
2027-01-06T11:00:00Z,1,HB_WEST,0.3344
2027-01-06T11:00:00Z,2,HB_NORTH,0.4662
2027-01-06T11:00:00Z,3,HB_SOUTH,0.4599
2027-01-06T12:00:00Z,1,HB_WEST,0.3507
2027-01-06T12:00:00Z,2,HB_NORTH,0.5166
2027-01-06T12:00:00Z,3,HB_SOUTH,0.5116
2027-01-06T13:00:00Z,1,HB_WEST,0.3909
2027-01-06T13:00:00Z,2,HB_NORTH,0.6274
2027-01-06T13:00:00Z,3,HB_SOUTH,0.5939
2027-01-06T14:00:00Z,1,HB_WEST,0.4581
2027-01-06T14:00:00Z,2,HB_NORTH,0.7627
2027-01-06T14:00:00Z,3,HB_SOUTH,0.6818
2027-01-06T15:00:00Z,1,HB_WEST,0.531
2027-01-06T15:00:00Z,2,HB_NORTH,0.9759
2027-01-06T15:00:00Z,3,HB_SOUTH,0.8189
2027-01-06T16:00:00Z,1,HB_WEST,0.6213
2027-01-06T16:00:00Z,2,HB_NORTH,1.1935
2027-01-06T16:00:00Z,3,HB_SOUTH,0.992
2027-01-06T17:00:00Z,1,HB_WEST,0.7375
2027-01-06T17:00:00Z,2,HB_NORTH,1.4239
2027-01-06T17:00:00Z,3,HB_SOUTH,1.133
2027-01-06T18:00:00Z,1,HB_WEST,0.7743
2027-01-06T18:00:00Z,2,HB_NORTH,1.5298
2027-01-06T18:00:00Z,3,HB_SOUTH,1.2537
2027-01-06T19:00:00Z,1,HB_WEST,0.8343
2027-01-06T19:00:00Z,2,HB_NORTH,1.58
2027-01-06T19:00:00Z,3,HB_SOUTH,1.3274
2027-01-06T20:00:00Z,1,HB_WEST,0.8095
2027-01-06T20:00:00Z,2,HB_NORTH,1.5395
2027-01-06T20:00:00Z,3,HB_SOUTH,1.2723
2027-01-06T21:00:00Z,1,HB_WEST,0.7039
2027-01-06T21:00:00Z,2,HB_NORTH,1.4116
2027-01-06T21:00:00Z,3,HB_SOUTH,1.1612
2027-01-06T22:00:00Z,1,HB_WEST,0.6295
2027-01-06T22:00:00Z,2,HB_NORTH,1.2047
2027-01-06T22:00:00Z,3,HB_SOUTH,1.0045
2027-01-06T23:00:00Z,1,HB_WEST,0.5465
2027-01-06T23:00:00Z,2,HB_NORTH,0.9887
2027-01-06T23:00:00Z,3,HB_SOUTH,0.8446
2027-01-07T00:00:00Z,1,HB_WEST,0.4656
2027-01-07T00:00:00Z,2,HB_NORTH,0.767
2027-01-07T00:00:00Z,3,HB_SOUTH,0.6927
2027-01-07T01:00:00Z,1,HB_WEST,0.396
2027-01-07T01:00:00Z,2,HB_NORTH,0.6344
2027-01-07T01:00:00Z,3,HB_SOUTH,0.5881
2027-01-07T02:00:00Z,1,HB_WEST,0.3489
2027-01-07T02:00:00Z,2,HB_NORTH,0.534
2027-01-07T02:00:00Z,3,HB_SOUTH,0.5111
2027-01-07T03:00:00Z,1,HB_WEST,0.3376
2027-01-07T03:00:00Z,2,HB_NORTH,0.4562
2027-01-07T03:00:00Z,3,HB_SOUTH,0.4607
2027-01-07T04:00:00Z,1,HB_WEST,0.3093
2027-01-07T04:00:00Z,2,HB_NORTH,0.4433
2027-01-07T04:00:00Z,3,HB_SOUTH,0.4616
2027-01-07T05:00:00Z,1,HB_WEST,0.3149
2027-01-07T05:00:00Z,2,HB_NORTH,0.4349
2027-01-07T05:00:00Z,3,HB_SOUTH,0.4519
2027-01-07T06:00:00Z,1,HB_WEST,0.3065
2027-01-07T06:00:00Z,2,HB_NORTH,0.4049
2027-01-07T06:00:00Z,3,HB_SOUTH,0.4401
2027-01-07T07:00:00Z,1,HB_WEST,0.3113
2027-01-07T07:00:00Z,2,HB_NORTH,0.4077
2027-01-07T07:00:00Z,3,HB_SOUTH,0.4296
2027-01-07T08:00:00Z,1,HB_WEST,0.3001
2027-01-07T08:00:00Z,2,HB_NORTH,0.4287
2027-01-07T08:00:00Z,3,HB_SOUTH,0.4297
2027-01-07T09:00:00Z,1,HB_WEST,0.3131
2027-01-07T09:00:00Z,2,HB_NORTH,0.4221
2027-01-07T09:00:00Z,3,HB_SOUTH,0.453
2027-01-07T10:00:00Z,1,HB_WEST,0.3205
2027-01-07T10:00:00Z,2,HB_NORTH,0.4268
2027-01-07T10:00:00Z,3,HB_SOUTH,0.4651
2027-01-07T11:00:00Z,1,HB_WEST,0.3246
2027-01-07T11:00:00Z,2,HB_NORTH,0.4652
2027-01-07T11:00:00Z,3,HB_SOUTH,0.4724
2027-01-07T12:00:00Z,1,HB_WEST,0.3461
2027-01-07T12:00:00Z,2,HB_NORTH,0.5202
2027-01-07T12:00:00Z,3,HB_SOUTH,0.5154
2027-01-07T13:00:00Z,1,HB_WEST,0.3959
2027-01-07T13:00:00Z,2,HB_NORTH,0.6084
2027-01-07T13:00:00Z,3,HB_SOUTH,0.57
2027-01-07T14:00:00Z,1,HB_WEST,0.4559
2027-01-07T14:00:00Z,2,HB_NORTH,0.7619
2027-01-07T14:00:00Z,3,HB_SOUTH,0.7037
2027-01-07T15:00:00Z,1,HB_WEST,0.5479
2027-01-07T15:00:00Z,2,HB_NORTH,0.9393
2027-01-07T15:00:00Z,3,HB_SOUTH,0.838
2027-01-07T16:00:00Z,1,HB_WEST,0.648
2027-01-07T16:00:00Z,2,HB_NORTH,1.1972
2027-01-07T16:00:00Z,3,HB_SOUTH,1.0087
2027-01-07T17:00:00Z,1,HB_WEST,0.7406
2027-01-07T17:00:00Z,2,HB_NORTH,1.4323
2027-01-07T17:00:00Z,3,HB_SOUTH,1.136
2027-01-07T18:00:00Z,1,HB_WEST,0.7793
2027-01-07T18:00:00Z,2,HB_NORTH,1.5835
2027-01-07T18:00:00Z,3,HB_SOUTH,1.3121
2027-01-07T19:00:00Z,1,HB_WEST,0.8147
2027-01-07T19:00:00Z,2,HB_NORTH,1.5919
2027-01-07T19:00:00Z,3,HB_SOUTH,1.2881
2027-01-07T20:00:00Z,1,HB_WEST,0.7815
2027-01-07T20:00:00Z,2,HB_NORTH,1.5375
2027-01-07T20:00:00Z,3,HB_SOUTH,1.3122
2027-01-07T21:00:00Z,1,HB_WEST,0.7359
2027-01-07T21:00:00Z,2,HB_NORTH,1.447
2027-01-07T21:00:00Z,3,HB_SOUTH,1.1894
2027-01-07T22:00:00Z,1,HB_WEST,0.6253
2027-01-07T22:00:00Z,2,HB_NORTH,1.1745
2027-01-07T22:00:00Z,3,HB_SOUTH,1.0075
2027-01-07T23:00:00Z,1,HB_WEST,0.5292
2027-01-07T23:00:00Z,2,HB_NORTH,0.955
2027-01-07T23:00:00Z,3,HB_SOUTH,0.8277
2027-01-08T00:00:00Z,1,HB_WEST,0.4544
2027-01-08T00:00:00Z,2,HB_NORTH,0.7654
2027-01-08T00:00:00Z,3,HB_SOUTH,0.7103
2027-01-08T01:00:00Z,1,HB_WEST,0.3832
2027-01-08T01:00:00Z,2,HB_NORTH,0.6155
2027-01-08T01:00:00Z,3,HB_SOUTH,0.5768
2027-01-08T02:00:00Z,1,HB_WEST,0.3601
2027-01-08T02:00:00Z,2,HB_NORTH,0.5304
2027-01-08T02:00:00Z,3,HB_SOUTH,0.5002
2027-01-08T03:00:00Z,1,HB_WEST,0.3276
2027-01-08T03:00:00Z,2,HB_NORTH,0.4533
2027-01-08T03:00:00Z,3,HB_SOUTH,0.4653
2027-01-08T04:00:00Z,1,HB_WEST,0.3177
2027-01-08T04:00:00Z,2,HB_NORTH,0.4343
2027-01-08T04:00:00Z,3,HB_SOUTH,0.4456
2027-01-08T05:00:00Z,1,HB_WEST,0.3034
2027-01-08T05:00:00Z,2,HB_NORTH,0.433
2027-01-08T05:00:00Z,3,HB_SOUTH,0.4444
2027-01-08T06:00:00Z,1,HB_WEST,0.3059
2027-01-08T06:00:00Z,2,HB_NORTH,0.426
2027-01-08T06:00:00Z,3,HB_SOUTH,0.4419
2027-01-08T07:00:00Z,1,HB_WEST,0.3118
2027-01-08T07:00:00Z,2,HB_NORTH,0.4172
2027-01-08T07:00:00Z,3,HB_SOUTH,0.4261
2027-01-08T08:00:00Z,1,HB_WEST,0.3139
2027-01-08T08:00:00Z,2,HB_NORTH,0.4164
2027-01-08T08:00:00Z,3,HB_SOUTH,0.4364
2027-01-08T09:00:00Z,1,HB_WEST,0.3055
2027-01-08T09:00:00Z,2,HB_NORTH,0.4266
2027-01-08T09:00:00Z,3,HB_SOUTH,0.4532
2027-01-08T10:00:00Z,1,HB_WEST,0.3144
2027-01-08T10:00:00Z,2,HB_NORTH,0.442
2027-01-08T10:00:00Z,3,HB_SOUTH,0.4508
2027-01-08T11:00:00Z,1,HB_WEST,0.3307
2027-01-08T11:00:00Z,2,HB_NORTH,0.461
2027-01-08T11:00:00Z,3,HB_SOUTH,0.4716
2027-01-08T12:00:00Z,1,HB_WEST,0.3473
2027-01-08T12:00:00Z,2,HB_NORTH,0.5189
2027-01-08T12:00:00Z,3,HB_SOUTH,0.5123
2027-01-08T13:00:00Z,1,HB_WEST,0.4017
2027-01-08T13:00:00Z,2,HB_NORTH,0.6297
2027-01-08T13:00:00Z,3,HB_SOUTH,0.5785
2027-01-08T14:00:00Z,1,HB_WEST,0.4552
2027-01-08T14:00:00Z,2,HB_NORTH,0.7861
2027-01-08T14:00:00Z,3,HB_SOUTH,0.6866
2027-01-08T15:00:00Z,1,HB_WEST,0.5197
2027-01-08T15:00:00Z,2,HB_NORTH,0.9418
2027-01-08T15:00:00Z,3,HB_SOUTH,0.8191
2027-01-08T16:00:00Z,1,HB_WEST,0.6351
2027-01-08T16:00:00Z,2,HB_NORTH,1.1927
2027-01-08T16:00:00Z,3,HB_SOUTH,1.0098
2027-01-08T17:00:00Z,1,HB_WEST,0.7402
2027-01-08T17:00:00Z,2,HB_NORTH,1.4125
2027-01-08T17:00:00Z,3,HB_SOUTH,1.1821
2027-01-08T18:00:00Z,1,HB_WEST,0.7721
2027-01-08T18:00:00Z,2,HB_NORTH,1.585
2027-01-08T18:00:00Z,3,HB_SOUTH,1.2775
2027-01-08T19:00:00Z,1,HB_WEST,0.8061
2027-01-08T19:00:00Z,2,HB_NORTH,1.6283
2027-01-08T19:00:00Z,3,HB_SOUTH,1.3079
2027-01-08T20:00:00Z,1,HB_WEST,0.7684
2027-01-08T20:00:00Z,2,HB_NORTH,1.5207
2027-01-08T20:00:00Z,3,HB_SOUTH,1.2765
2027-01-08T21:00:00Z,1,HB_WEST,0.7078
2027-01-08T21:00:00Z,2,HB_NORTH,1.3727
2027-01-08T21:00:00Z,3,HB_SOUTH,1.1874
2027-01-08T22:00:00Z,1,HB_WEST,0.6159
2027-01-08T22:00:00Z,2,HB_NORTH,1.1801
2027-01-08T22:00:00Z,3,HB_SOUTH,1.0319
2027-01-08T23:00:00Z,1,HB_WEST,0.5406
2027-01-08T23:00:00Z,2,HB_NORTH,0.9412
2027-01-08T23:00:00Z,3,HB_SOUTH,0.8184
2027-01-09T00:00:00Z,1,HB_WEST,0.355
2027-01-09T00:00:00Z,2,HB_NORTH,0.5522
2027-01-09T00:00:00Z,3,HB_SOUTH,0.5181
2027-01-09T01:00:00Z,1,HB_WEST,0.3406
2027-01-09T01:00:00Z,2,HB_NORTH,0.4826
2027-01-09T01:00:00Z,3,HB_SOUTH,0.4891
2027-01-09T02:00:00Z,1,HB_WEST,0.3174
2027-01-09T02:00:00Z,2,HB_NORTH,0.4383
2027-01-09T02:00:00Z,3,HB_SOUTH,0.4548
2027-01-09T03:00:00Z,1,HB_WEST,0.3084
2027-01-09T03:00:00Z,2,HB_NORTH,0.4294
2027-01-09T03:00:00Z,3,HB_SOUTH,0.4455
2027-01-09T04:00:00Z,1,HB_WEST,0.307
2027-01-09T04:00:00Z,2,HB_NORTH,0.4305
2027-01-09T04:00:00Z,3,HB_SOUTH,0.4392
2027-01-09T05:00:00Z,1,HB_WEST,0.306
2027-01-09T05:00:00Z,2,HB_NORTH,0.4093
2027-01-09T05:00:00Z,3,HB_SOUTH,0.4325
2027-01-09T06:00:00Z,1,HB_WEST,0.3129
2027-01-09T06:00:00Z,2,HB_NORTH,0.4256
2027-01-09T06:00:00Z,3,HB_SOUTH,0.4326
2027-01-09T07:00:00Z,1,HB_WEST,0.3086
2027-01-09T07:00:00Z,2,HB_NORTH,0.4018
2027-01-09T07:00:00Z,3,HB_SOUTH,0.4287
2027-01-09T08:00:00Z,1,HB_WEST,0.3072
2027-01-09T08:00:00Z,2,HB_NORTH,0.4199
2027-01-09T08:00:00Z,3,HB_SOUTH,0.4447
2027-01-09T09:00:00Z,1,HB_WEST,0.3024
2027-01-09T09:00:00Z,2,HB_NORTH,0.4224
2027-01-09T09:00:00Z,3,HB_SOUTH,0.4479
2027-01-09T10:00:00Z,1,HB_WEST,0.3015
2027-01-09T10:00:00Z,2,HB_NORTH,0.413
2027-01-09T10:00:00Z,3,HB_SOUTH,0.4443
2027-01-09T11:00:00Z,1,HB_WEST,0.3225
2027-01-09T11:00:00Z,2,HB_NORTH,0.4354
2027-01-09T11:00:00Z,3,HB_SOUTH,0.4375
2027-01-09T12:00:00Z,1,HB_WEST,0.3297
2027-01-09T12:00:00Z,2,HB_NORTH,0.4511
2027-01-09T12:00:00Z,3,HB_SOUTH,0.4693
2027-01-09T13:00:00Z,1,HB_WEST,0.3467
2027-01-09T13:00:00Z,2,HB_NORTH,0.4762
2027-01-09T13:00:00Z,3,HB_SOUTH,0.503
2027-01-09T14:00:00Z,1,HB_WEST,0.3676
2027-01-09T14:00:00Z,2,HB_NORTH,0.5311
2027-01-09T14:00:00Z,3,HB_SOUTH,0.5282
2027-01-09T15:00:00Z,1,HB_WEST,0.3985
2027-01-09T15:00:00Z,2,HB_NORTH,0.6138
2027-01-09T15:00:00Z,3,HB_SOUTH,0.5897
2027-01-09T16:00:00Z,1,HB_WEST,0.4142
2027-01-09T16:00:00Z,2,HB_NORTH,0.7018
2027-01-09T16:00:00Z,3,HB_SOUTH,0.6524
2027-01-09T17:00:00Z,1,HB_WEST,0.4552
2027-01-09T17:00:00Z,2,HB_NORTH,0.7405
2027-01-09T17:00:00Z,3,HB_SOUTH,0.6882
2027-01-09T18:00:00Z,1,HB_WEST,0.4644
2027-01-09T18:00:00Z,2,HB_NORTH,0.8288
2027-01-09T18:00:00Z,3,HB_SOUTH,0.7192
2027-01-09T19:00:00Z,1,HB_WEST,0.4959
2027-01-09T19:00:00Z,2,HB_NORTH,0.8449
2027-01-09T19:00:00Z,3,HB_SOUTH,0.7659
2027-01-09T20:00:00Z,1,HB_WEST,0.4876
2027-01-09T20:00:00Z,2,HB_NORTH,0.8103
2027-01-09T20:00:00Z,3,HB_SOUTH,0.7484
2027-01-09T21:00:00Z,1,HB_WEST,0.4449
2027-01-09T21:00:00Z,2,HB_NORTH,0.7677
2027-01-09T21:00:00Z,3,HB_SOUTH,0.6906
2027-01-09T22:00:00Z,1,HB_WEST,0.4218
2027-01-09T22:00:00Z,2,HB_NORTH,0.6767
2027-01-09T22:00:00Z,3,HB_SOUTH,0.633
2027-01-09T23:00:00Z,1,HB_WEST,0.3788
2027-01-09T23:00:00Z,2,HB_NORTH,0.5912
2027-01-09T23:00:00Z,3,HB_SOUTH,0.5932
2027-01-10T00:00:00Z,1,HB_WEST,0.3487
2027-01-10T00:00:00Z,2,HB_NORTH,0.531
2027-01-10T00:00:00Z,3,HB_SOUTH,0.5321
2027-01-10T01:00:00Z,1,HB_WEST,0.3296
2027-01-10T01:00:00Z,2,HB_NORTH,0.4771
2027-01-10T01:00:00Z,3,HB_SOUTH,0.4852
2027-01-10T02:00:00Z,1,HB_WEST,0.3268
2027-01-10T02:00:00Z,2,HB_NORTH,0.4389
2027-01-10T02:00:00Z,3,HB_SOUTH,0.4689
2027-01-10T03:00:00Z,1,HB_WEST,0.3221
2027-01-10T03:00:00Z,2,HB_NORTH,0.4309
2027-01-10T03:00:00Z,3,HB_SOUTH,0.4507
2027-01-10T04:00:00Z,1,HB_WEST,0.3043
2027-01-10T04:00:00Z,2,HB_NORTH,0.4214
2027-01-10T04:00:00Z,3,HB_SOUTH,0.4323
2027-01-10T05:00:00Z,1,HB_WEST,0.3123
2027-01-10T05:00:00Z,2,HB_NORTH,0.4165
2027-01-10T05:00:00Z,3,HB_SOUTH,0.4407
2027-01-10T06:00:00Z,1,HB_WEST,0.3066
2027-01-10T06:00:00Z,2,HB_NORTH,0.4162
2027-01-10T06:00:00Z,3,HB_SOUTH,0.4462
2027-01-10T07:00:00Z,1,HB_WEST,0.306
2027-01-10T07:00:00Z,2,HB_NORTH,0.4111
2027-01-10T07:00:00Z,3,HB_SOUTH,0.4485
2027-01-10T08:00:00Z,1,HB_WEST,0.3092
2027-01-10T08:00:00Z,2,HB_NORTH,0.4187
2027-01-10T08:00:00Z,3,HB_SOUTH,0.446
2027-01-10T09:00:00Z,1,HB_WEST,0.3013
2027-01-10T09:00:00Z,2,HB_NORTH,0.4208
2027-01-10T09:00:00Z,3,HB_SOUTH,0.4293
2027-01-10T10:00:00Z,1,HB_WEST,0.313
2027-01-10T10:00:00Z,2,HB_NORTH,0.4315
2027-01-10T10:00:00Z,3,HB_SOUTH,0.444
2027-01-10T11:00:00Z,1,HB_WEST,0.3196
2027-01-10T11:00:00Z,2,HB_NORTH,0.4332
2027-01-10T11:00:00Z,3,HB_SOUTH,0.4484
2027-01-10T12:00:00Z,1,HB_WEST,0.3321
2027-01-10T12:00:00Z,2,HB_NORTH,0.4648
2027-01-10T12:00:00Z,3,HB_SOUTH,0.4581
2027-01-10T13:00:00Z,1,HB_WEST,0.339
2027-01-10T13:00:00Z,2,HB_NORTH,0.4766
2027-01-10T13:00:00Z,3,HB_SOUTH,0.5027
2027-01-10T14:00:00Z,1,HB_WEST,0.3561
2027-01-10T14:00:00Z,2,HB_NORTH,0.5327
2027-01-10T14:00:00Z,3,HB_SOUTH,0.5203
2027-01-10T15:00:00Z,1,HB_WEST,0.3848
2027-01-10T15:00:00Z,2,HB_NORTH,0.6101
2027-01-10T15:00:00Z,3,HB_SOUTH,0.5902
2027-01-10T16:00:00Z,1,HB_WEST,0.4103
2027-01-10T16:00:00Z,2,HB_NORTH,0.7019
2027-01-10T16:00:00Z,3,HB_SOUTH,0.6325
2027-01-10T17:00:00Z,1,HB_WEST,0.4482
2027-01-10T17:00:00Z,2,HB_NORTH,0.7405
2027-01-10T17:00:00Z,3,HB_SOUTH,0.6831
2027-01-10T18:00:00Z,1,HB_WEST,0.474
2027-01-10T18:00:00Z,2,HB_NORTH,0.8299
2027-01-10T18:00:00Z,3,HB_SOUTH,0.7191
2027-01-10T19:00:00Z,1,HB_WEST,0.4978
2027-01-10T19:00:00Z,2,HB_NORTH,0.813
2027-01-10T19:00:00Z,3,HB_SOUTH,0.7297
2027-01-10T20:00:00Z,1,HB_WEST,0.489
2027-01-10T20:00:00Z,2,HB_NORTH,0.8145
2027-01-10T20:00:00Z,3,HB_SOUTH,0.7106
2027-01-10T21:00:00Z,1,HB_WEST,0.4614
2027-01-10T21:00:00Z,2,HB_NORTH,0.7438
2027-01-10T21:00:00Z,3,HB_SOUTH,0.6728
2027-01-10T22:00:00Z,1,HB_WEST,0.4098
2027-01-10T22:00:00Z,2,HB_NORTH,0.6804
2027-01-10T22:00:00Z,3,HB_SOUTH,0.6275
2027-01-10T23:00:00Z,1,HB_WEST,0.3829
2027-01-10T23:00:00Z,2,HB_NORTH,0.5927
2027-01-10T23:00:00Z,3,HB_SOUTH,0.5779
2027-01-11T00:00:00Z,1,HB_WEST,0.4466
2027-01-11T00:00:00Z,2,HB_NORTH,0.7428
2027-01-11T00:00:00Z,3,HB_SOUTH,0.6892
2027-01-11T01:00:00Z,1,HB_WEST,0.3832
2027-01-11T01:00:00Z,2,HB_NORTH,0.6116
2027-01-11T01:00:00Z,3,HB_SOUTH,0.5798
2027-01-11T02:00:00Z,1,HB_WEST,0.3544
2027-01-11T02:00:00Z,2,HB_NORTH,0.5197
2027-01-11T02:00:00Z,3,HB_SOUTH,0.4994
2027-01-11T03:00:00Z,1,HB_WEST,0.3262
2027-01-11T03:00:00Z,2,HB_NORTH,0.4566
2027-01-11T03:00:00Z,3,HB_SOUTH,0.4673
2027-01-11T04:00:00Z,1,HB_WEST,0.3225
2027-01-11T04:00:00Z,2,HB_NORTH,0.4426
2027-01-11T04:00:00Z,3,HB_SOUTH,0.4577
2027-01-11T05:00:00Z,1,HB_WEST,0.3023
2027-01-11T05:00:00Z,2,HB_NORTH,0.4127
2027-01-11T05:00:00Z,3,HB_SOUTH,0.4515
2027-01-11T06:00:00Z,1,HB_WEST,0.3142
2027-01-11T06:00:00Z,2,HB_NORTH,0.4022
2027-01-11T06:00:00Z,3,HB_SOUTH,0.447
2027-01-11T07:00:00Z,1,HB_WEST,0.3151
2027-01-11T07:00:00Z,2,HB_NORTH,0.4191
2027-01-11T07:00:00Z,3,HB_SOUTH,0.4357
2027-01-11T08:00:00Z,1,HB_WEST,0.3005
2027-01-11T08:00:00Z,2,HB_NORTH,0.4201
2027-01-11T08:00:00Z,3,HB_SOUTH,0.434
2027-01-11T09:00:00Z,1,HB_WEST,0.3045
2027-01-11T09:00:00Z,2,HB_NORTH,0.4131
2027-01-11T09:00:00Z,3,HB_SOUTH,0.4311
2027-01-11T10:00:00Z,1,HB_WEST,0.3093
2027-01-11T10:00:00Z,2,HB_NORTH,0.4311
2027-01-11T10:00:00Z,3,HB_SOUTH,0.4536
2027-01-11T11:00:00Z,1,HB_WEST,0.3277
2027-01-11T11:00:00Z,2,HB_NORTH,0.4689
2027-01-11T11:00:00Z,3,HB_SOUTH,0.4695
2027-01-11T12:00:00Z,1,HB_WEST,0.3564
2027-01-11T12:00:00Z,2,HB_NORTH,0.5172
2027-01-11T12:00:00Z,3,HB_SOUTH,0.5169
2027-01-11T13:00:00Z,1,HB_WEST,0.3869
2027-01-11T13:00:00Z,2,HB_NORTH,0.6332
2027-01-11T13:00:00Z,3,HB_SOUTH,0.5734
2027-01-11T14:00:00Z,1,HB_WEST,0.4536
2027-01-11T14:00:00Z,2,HB_NORTH,0.7448
2027-01-11T14:00:00Z,3,HB_SOUTH,0.6999
2027-01-11T15:00:00Z,1,HB_WEST,0.5498
2027-01-11T15:00:00Z,2,HB_NORTH,0.9738
2027-01-11T15:00:00Z,3,HB_SOUTH,0.8292
2027-01-11T16:00:00Z,1,HB_WEST,0.6382
2027-01-11T16:00:00Z,2,HB_NORTH,1.2141
2027-01-11T16:00:00Z,3,HB_SOUTH,1.0218
2027-01-11T17:00:00Z,1,HB_WEST,0.7047
2027-01-11T17:00:00Z,2,HB_NORTH,1.4023
2027-01-11T17:00:00Z,3,HB_SOUTH,1.1523
2027-01-11T18:00:00Z,1,HB_WEST,0.786
2027-01-11T18:00:00Z,2,HB_NORTH,1.5633
2027-01-11T18:00:00Z,3,HB_SOUTH,1.2786
2027-01-11T19:00:00Z,1,HB_WEST,0.8025
2027-01-11T19:00:00Z,2,HB_NORTH,1.6217
2027-01-11T19:00:00Z,3,HB_SOUTH,1.3025
2027-01-11T20:00:00Z,1,HB_WEST,0.779
2027-01-11T20:00:00Z,2,HB_NORTH,1.5371
2027-01-11T20:00:00Z,3,HB_SOUTH,1.2412
2027-01-11T21:00:00Z,1,HB_WEST,0.737
2027-01-11T21:00:00Z,2,HB_NORTH,1.3922
2027-01-11T21:00:00Z,3,HB_SOUTH,1.186
2027-01-11T22:00:00Z,1,HB_WEST,0.6435
2027-01-11T22:00:00Z,2,HB_NORTH,1.2145
2027-01-11T22:00:00Z,3,HB_SOUTH,0.9812
2027-01-11T23:00:00Z,1,HB_WEST,0.5304
2027-01-11T23:00:00Z,2,HB_NORTH,0.9567
2027-01-11T23:00:00Z,3,HB_SOUTH,0.8569
2027-01-12T00:00:00Z,1,HB_WEST,0.4524
2027-01-12T00:00:00Z,2,HB_NORTH,0.7744
2027-01-12T00:00:00Z,3,HB_SOUTH,0.6828
2027-01-12T01:00:00Z,1,HB_WEST,0.381
2027-01-12T01:00:00Z,2,HB_NORTH,0.6056
2027-01-12T01:00:00Z,3,HB_SOUTH,0.587
2027-01-12T02:00:00Z,1,HB_WEST,0.3419
2027-01-12T02:00:00Z,2,HB_NORTH,0.5341
2027-01-12T02:00:00Z,3,HB_SOUTH,0.5235
2027-01-12T03:00:00Z,1,HB_WEST,0.3237
2027-01-12T03:00:00Z,2,HB_NORTH,0.4767
2027-01-12T03:00:00Z,3,HB_SOUTH,0.4596
2027-01-12T04:00:00Z,1,HB_WEST,0.3202
2027-01-12T04:00:00Z,2,HB_NORTH,0.4479
2027-01-12T04:00:00Z,3,HB_SOUTH,0.4485
2027-01-12T05:00:00Z,1,HB_WEST,0.308
2027-01-12T05:00:00Z,2,HB_NORTH,0.4263
2027-01-12T05:00:00Z,3,HB_SOUTH,0.4534
2027-01-12T06:00:00Z,1,HB_WEST,0.3022
2027-01-12T06:00:00Z,2,HB_NORTH,0.4043
2027-01-12T06:00:00Z,3,HB_SOUTH,0.426
2027-01-12T07:00:00Z,1,HB_WEST,0.3045
2027-01-12T07:00:00Z,2,HB_NORTH,0.4071
2027-01-12T07:00:00Z,3,HB_SOUTH,0.4383
2027-01-12T08:00:00Z,1,HB_WEST,0.3063
2027-01-12T08:00:00Z,2,HB_NORTH,0.4167
2027-01-12T08:00:00Z,3,HB_SOUTH,0.4258
2027-01-12T09:00:00Z,1,HB_WEST,0.3044
2027-01-12T09:00:00Z,2,HB_NORTH,0.4196
2027-01-12T09:00:00Z,3,HB_SOUTH,0.4371
2027-01-12T10:00:00Z,1,HB_WEST,0.3177
2027-01-12T10:00:00Z,2,HB_NORTH,0.4306
2027-01-12T10:00:00Z,3,HB_SOUTH,0.4448
2027-01-12T11:00:00Z,1,HB_WEST,0.3323
2027-01-12T11:00:00Z,2,HB_NORTH,0.4615
2027-01-12T11:00:00Z,3,HB_SOUTH,0.4847
2027-01-12T12:00:00Z,1,HB_WEST,0.3603
2027-01-12T12:00:00Z,2,HB_NORTH,0.5357
2027-01-12T12:00:00Z,3,HB_SOUTH,0.5087
2027-01-12T13:00:00Z,1,HB_WEST,0.3974
2027-01-12T13:00:00Z,2,HB_NORTH,0.6068
2027-01-12T13:00:00Z,3,HB_SOUTH,0.5884
2027-01-12T14:00:00Z,1,HB_WEST,0.4466
2027-01-12T14:00:00Z,2,HB_NORTH,0.786
2027-01-12T14:00:00Z,3,HB_SOUTH,0.6742
2027-01-12T15:00:00Z,1,HB_WEST,0.5382
2027-01-12T15:00:00Z,2,HB_NORTH,0.9663
2027-01-12T15:00:00Z,3,HB_SOUTH,0.8389
2027-01-12T16:00:00Z,1,HB_WEST,0.6325
2027-01-12T16:00:00Z,2,HB_NORTH,1.2213
2027-01-12T16:00:00Z,3,HB_SOUTH,0.9841
2027-01-12T17:00:00Z,1,HB_WEST,0.7272
2027-01-12T17:00:00Z,2,HB_NORTH,1.3994
2027-01-12T17:00:00Z,3,HB_SOUTH,1.1665
2027-01-12T18:00:00Z,1,HB_WEST,0.7881
2027-01-12T18:00:00Z,2,HB_NORTH,1.5553
2027-01-12T18:00:00Z,3,HB_SOUTH,1.2715
2027-01-12T19:00:00Z,1,HB_WEST,0.7966
2027-01-12T19:00:00Z,2,HB_NORTH,1.6598
2027-01-12T19:00:00Z,3,HB_SOUTH,1.3146
2027-01-12T20:00:00Z,1,HB_WEST,0.7823
2027-01-12T20:00:00Z,2,HB_NORTH,1.5489
2027-01-12T20:00:00Z,3,HB_SOUTH,1.312
2027-01-12T21:00:00Z,1,HB_WEST,0.7106
2027-01-12T21:00:00Z,2,HB_NORTH,1.3699
2027-01-12T21:00:00Z,3,HB_SOUTH,1.1542
2027-01-12T22:00:00Z,1,HB_WEST,0.6277
2027-01-12T22:00:00Z,2,HB_NORTH,1.1821
2027-01-12T22:00:00Z,3,HB_SOUTH,0.9856
2027-01-12T23:00:00Z,1,HB_WEST,0.5407
2027-01-12T23:00:00Z,2,HB_NORTH,0.9878
2027-01-12T23:00:00Z,3,HB_SOUTH,0.8466
2027-01-13T00:00:00Z,1,HB_WEST,0.4652
2027-01-13T00:00:00Z,2,HB_NORTH,0.7709
2027-01-13T00:00:00Z,3,HB_SOUTH,0.6802
2027-01-13T01:00:00Z,1,HB_WEST,0.3964
2027-01-13T01:00:00Z,2,HB_NORTH,0.6099
2027-01-13T01:00:00Z,3,HB_SOUTH,0.5692
2027-01-13T02:00:00Z,1,HB_WEST,0.3455
2027-01-13T02:00:00Z,2,HB_NORTH,0.5292
2027-01-13T02:00:00Z,3,HB_SOUTH,0.5229
2027-01-13T03:00:00Z,1,HB_WEST,0.3261
2027-01-13T03:00:00Z,2,HB_NORTH,0.4732
2027-01-13T03:00:00Z,3,HB_SOUTH,0.4751
2027-01-13T04:00:00Z,1,HB_WEST,0.3247
2027-01-13T04:00:00Z,2,HB_NORTH,0.4336
2027-01-13T04:00:00Z,3,HB_SOUTH,0.4388
2027-01-13T05:00:00Z,1,HB_WEST,0.307
2027-01-13T05:00:00Z,2,HB_NORTH,0.4286
2027-01-13T05:00:00Z,3,HB_SOUTH,0.4318
2027-01-13T06:00:00Z,1,HB_WEST,0.3014
2027-01-13T06:00:00Z,2,HB_NORTH,0.4065
2027-01-13T06:00:00Z,3,HB_SOUTH,0.4349
2027-01-13T07:00:00Z,1,HB_WEST,0.3105
2027-01-13T07:00:00Z,2,HB_NORTH,0.4152
2027-01-13T07:00:00Z,3,HB_SOUTH,0.4349
2027-01-13T08:00:00Z,1,HB_WEST,0.3153
2027-01-13T08:00:00Z,2,HB_NORTH,0.4093
2027-01-13T08:00:00Z,3,HB_SOUTH,0.4302
2027-01-13T09:00:00Z,1,HB_WEST,0.3043
2027-01-13T09:00:00Z,2,HB_NORTH,0.4153
2027-01-13T09:00:00Z,3,HB_SOUTH,0.4446
2027-01-13T10:00:00Z,1,HB_WEST,0.3233
2027-01-13T10:00:00Z,2,HB_NORTH,0.4371
2027-01-13T10:00:00Z,3,HB_SOUTH,0.454
2027-01-13T11:00:00Z,1,HB_WEST,0.329
2027-01-13T11:00:00Z,2,HB_NORTH,0.4559
2027-01-13T11:00:00Z,3,HB_SOUTH,0.4747
2027-01-13T12:00:00Z,1,HB_WEST,0.36
2027-01-13T12:00:00Z,2,HB_NORTH,0.506
2027-01-13T12:00:00Z,3,HB_SOUTH,0.5039
2027-01-13T13:00:00Z,1,HB_WEST,0.386
2027-01-13T13:00:00Z,2,HB_NORTH,0.6289
2027-01-13T13:00:00Z,3,HB_SOUTH,0.5716
2027-01-13T14:00:00Z,1,HB_WEST,0.4636
2027-01-13T14:00:00Z,2,HB_NORTH,0.7875
2027-01-13T14:00:00Z,3,HB_SOUTH,0.6868
2027-01-13T15:00:00Z,1,HB_WEST,0.5494
2027-01-13T15:00:00Z,2,HB_NORTH,0.9399
2027-01-13T15:00:00Z,3,HB_SOUTH,0.8584
2027-01-13T16:00:00Z,1,HB_WEST,0.6451
2027-01-13T16:00:00Z,2,HB_NORTH,1.1793
2027-01-13T16:00:00Z,3,HB_SOUTH,0.9864
2027-01-13T17:00:00Z,1,HB_WEST,0.7373
2027-01-13T17:00:00Z,2,HB_NORTH,1.4018
2027-01-13T17:00:00Z,3,HB_SOUTH,1.1935
2027-01-13T18:00:00Z,1,HB_WEST,0.8051
2027-01-13T18:00:00Z,2,HB_NORTH,1.545
2027-01-13T18:00:00Z,3,HB_SOUTH,1.2469
2027-01-13T19:00:00Z,1,HB_WEST,0.7999
2027-01-13T19:00:00Z,2,HB_NORTH,1.5846
2027-01-13T19:00:00Z,3,HB_SOUTH,1.2961
2027-01-13T20:00:00Z,1,HB_WEST,0.7741
2027-01-13T20:00:00Z,2,HB_NORTH,1.61
2027-01-13T20:00:00Z,3,HB_SOUTH,1.2959
2027-01-13T21:00:00Z,1,HB_WEST,0.7134
2027-01-13T21:00:00Z,2,HB_NORTH,1.3769
2027-01-13T21:00:00Z,3,HB_SOUTH,1.1552
2027-01-13T22:00:00Z,1,HB_WEST,0.6119
2027-01-13T22:00:00Z,2,HB_NORTH,1.1947
2027-01-13T22:00:00Z,3,HB_SOUTH,1.0193
2027-01-13T23:00:00Z,1,HB_WEST,0.5331
2027-01-13T23:00:00Z,2,HB_NORTH,0.9769
2027-01-13T23:00:00Z,3,HB_SOUTH,0.8135
2027-01-14T00:00:00Z,1,HB_WEST,0.446
2027-01-14T00:00:00Z,2,HB_NORTH,0.787
2027-01-14T00:00:00Z,3,HB_SOUTH,0.6868
2027-01-14T01:00:00Z,1,HB_WEST,0.3929
2027-01-14T01:00:00Z,2,HB_NORTH,0.6061
2027-01-14T01:00:00Z,3,HB_SOUTH,0.5977
2027-01-14T02:00:00Z,1,HB_WEST,0.3614
2027-01-14T02:00:00Z,2,HB_NORTH,0.5239
2027-01-14T02:00:00Z,3,HB_SOUTH,0.5081
2027-01-14T03:00:00Z,1,HB_WEST,0.338
2027-01-14T03:00:00Z,2,HB_NORTH,0.4562
2027-01-14T03:00:00Z,3,HB_SOUTH,0.4606
2027-01-14T04:00:00Z,1,HB_WEST,0.3223
2027-01-14T04:00:00Z,2,HB_NORTH,0.4489
2027-01-14T04:00:00Z,3,HB_SOUTH,0.444
2027-01-14T05:00:00Z,1,HB_WEST,0.3149
2027-01-14T05:00:00Z,2,HB_NORTH,0.4248
2027-01-14T05:00:00Z,3,HB_SOUTH,0.439
2027-01-14T06:00:00Z,1,HB_WEST,0.3118
2027-01-14T06:00:00Z,2,HB_NORTH,0.4181
2027-01-14T06:00:00Z,3,HB_SOUTH,0.4234
2027-01-14T07:00:00Z,1,HB_WEST,0.3154
2027-01-14T07:00:00Z,2,HB_NORTH,0.4254
2027-01-14T07:00:00Z,3,HB_SOUTH,0.4272
2027-01-14T08:00:00Z,1,HB_WEST,0.3098
2027-01-14T08:00:00Z,2,HB_NORTH,0.4172
2027-01-14T08:00:00Z,3,HB_SOUTH,0.4418
2027-01-14T09:00:00Z,1,HB_WEST,0.3023
2027-01-14T09:00:00Z,2,HB_NORTH,0.4098
2027-01-14T09:00:00Z,3,HB_SOUTH,0.4487
2027-01-14T10:00:00Z,1,HB_WEST,0.3201
2027-01-14T10:00:00Z,2,HB_NORTH,0.4286
2027-01-14T10:00:00Z,3,HB_SOUTH,0.4409
2027-01-14T11:00:00Z,1,HB_WEST,0.3356
2027-01-14T11:00:00Z,2,HB_NORTH,0.4687
2027-01-14T11:00:00Z,3,HB_SOUTH,0.4779
2027-01-14T12:00:00Z,1,HB_WEST,0.3613
2027-01-14T12:00:00Z,2,HB_NORTH,0.5329
2027-01-14T12:00:00Z,3,HB_SOUTH,0.5183
2027-01-14T13:00:00Z,1,HB_WEST,0.3998
2027-01-14T13:00:00Z,2,HB_NORTH,0.6196
2027-01-14T13:00:00Z,3,HB_SOUTH,0.5806
2027-01-14T14:00:00Z,1,HB_WEST,0.4409
2027-01-14T14:00:00Z,2,HB_NORTH,0.7667
2027-01-14T14:00:00Z,3,HB_SOUTH,0.7035
2027-01-14T15:00:00Z,1,HB_WEST,0.5473
2027-01-14T15:00:00Z,2,HB_NORTH,0.9863
2027-01-14T15:00:00Z,3,HB_SOUTH,0.8182
2027-01-14T16:00:00Z,1,HB_WEST,0.6162
2027-01-14T16:00:00Z,2,HB_NORTH,1.1865
2027-01-14T16:00:00Z,3,HB_SOUTH,1.0191
2027-01-14T17:00:00Z,1,HB_WEST,0.7024
2027-01-14T17:00:00Z,2,HB_NORTH,1.4381
2027-01-14T17:00:00Z,3,HB_SOUTH,1.1447
2027-01-14T18:00:00Z,1,HB_WEST,0.7684
2027-01-14T18:00:00Z,2,HB_NORTH,1.5677
2027-01-14T18:00:00Z,3,HB_SOUTH,1.3121
2027-01-14T19:00:00Z,1,HB_WEST,0.8261
2027-01-14T19:00:00Z,2,HB_NORTH,1.6494
2027-01-14T19:00:00Z,3,HB_SOUTH,1.3351
2027-01-14T20:00:00Z,1,HB_WEST,0.7956
2027-01-14T20:00:00Z,2,HB_NORTH,1.6051
2027-01-14T20:00:00Z,3,HB_SOUTH,1.2806
2027-01-14T21:00:00Z,1,HB_WEST,0.7145
2027-01-14T21:00:00Z,2,HB_NORTH,1.3799
2027-01-14T21:00:00Z,3,HB_SOUTH,1.1697
2027-01-14T22:00:00Z,1,HB_WEST,0.6224
2027-01-14T22:00:00Z,2,HB_NORTH,1.1975
2027-01-14T22:00:00Z,3,HB_SOUTH,0.9841
2027-01-14T23:00:00Z,1,HB_WEST,0.5459
2027-01-14T23:00:00Z,2,HB_NORTH,0.9713
2027-01-14T23:00:00Z,3,HB_SOUTH,0.8545
2027-01-15T00:00:00Z,1,HB_WEST,0.4443
2027-01-15T00:00:00Z,2,HB_NORTH,0.7548
2027-01-15T00:00:00Z,3,HB_SOUTH,0.6872
2027-01-15T01:00:00Z,1,HB_WEST,0.398
2027-01-15T01:00:00Z,2,HB_NORTH,0.6249
2027-01-15T01:00:00Z,3,HB_SOUTH,0.5789
2027-01-15T02:00:00Z,1,HB_WEST,0.3439
2027-01-15T02:00:00Z,2,HB_NORTH,0.525
2027-01-15T02:00:00Z,3,HB_SOUTH,0.5296
2027-01-15T03:00:00Z,1,HB_WEST,0.3316
2027-01-15T03:00:00Z,2,HB_NORTH,0.4783
2027-01-15T03:00:00Z,3,HB_SOUTH,0.4676
2027-01-15T04:00:00Z,1,HB_WEST,0.3212
2027-01-15T04:00:00Z,2,HB_NORTH,0.4355
2027-01-15T04:00:00Z,3,HB_SOUTH,0.442
2027-01-15T05:00:00Z,1,HB_WEST,0.3166
2027-01-15T05:00:00Z,2,HB_NORTH,0.4189
2027-01-15T05:00:00Z,3,HB_SOUTH,0.4293
2027-01-15T06:00:00Z,1,HB_WEST,0.3089
2027-01-15T06:00:00Z,2,HB_NORTH,0.4076
2027-01-15T06:00:00Z,3,HB_SOUTH,0.4313
2027-01-15T07:00:00Z,1,HB_WEST,0.3074
2027-01-15T07:00:00Z,2,HB_NORTH,0.4045
2027-01-15T07:00:00Z,3,HB_SOUTH,0.4257
2027-01-15T08:00:00Z,1,HB_WEST,0.3167
2027-01-15T08:00:00Z,2,HB_NORTH,0.4257
2027-01-15T08:00:00Z,3,HB_SOUTH,0.4327
2027-01-15T09:00:00Z,1,HB_WEST,0.3122
2027-01-15T09:00:00Z,2,HB_NORTH,0.4143
2027-01-15T09:00:00Z,3,HB_SOUTH,0.4356
2027-01-15T10:00:00Z,1,HB_WEST,0.3104
2027-01-15T10:00:00Z,2,HB_NORTH,0.4409
2027-01-15T10:00:00Z,3,HB_SOUTH,0.446
2027-01-15T11:00:00Z,1,HB_WEST,0.3193
2027-01-15T11:00:00Z,2,HB_NORTH,0.4761
2027-01-15T11:00:00Z,3,HB_SOUTH,0.4736
2027-01-15T12:00:00Z,1,HB_WEST,0.3478
2027-01-15T12:00:00Z,2,HB_NORTH,0.5258
2027-01-15T12:00:00Z,3,HB_SOUTH,0.5046
2027-01-15T13:00:00Z,1,HB_WEST,0.3835
2027-01-15T13:00:00Z,2,HB_NORTH,0.6314
2027-01-15T13:00:00Z,3,HB_SOUTH,0.5752
2027-01-15T14:00:00Z,1,HB_WEST,0.4557
2027-01-15T14:00:00Z,2,HB_NORTH,0.7794
2027-01-15T14:00:00Z,3,HB_SOUTH,0.6953
2027-01-15T15:00:00Z,1,HB_WEST,0.5485
2027-01-15T15:00:00Z,2,HB_NORTH,0.948
2027-01-15T15:00:00Z,3,HB_SOUTH,0.8339
2027-01-15T16:00:00Z,1,HB_WEST,0.6473
2027-01-15T16:00:00Z,2,HB_NORTH,1.1667
2027-01-15T16:00:00Z,3,HB_SOUTH,1.0011
2027-01-15T17:00:00Z,1,HB_WEST,0.7201
2027-01-15T17:00:00Z,2,HB_NORTH,1.379
2027-01-15T17:00:00Z,3,HB_SOUTH,1.173
2027-01-15T18:00:00Z,1,HB_WEST,0.8028
2027-01-15T18:00:00Z,2,HB_NORTH,1.5423
2027-01-15T18:00:00Z,3,HB_SOUTH,1.2469
2027-01-15T19:00:00Z,1,HB_WEST,0.7887
2027-01-15T19:00:00Z,2,HB_NORTH,1.5857
2027-01-15T19:00:00Z,3,HB_SOUTH,1.3211
2027-01-15T20:00:00Z,1,HB_WEST,0.7926
2027-01-15T20:00:00Z,2,HB_NORTH,1.6027
2027-01-15T20:00:00Z,3,HB_SOUTH,1.2402
2027-01-15T21:00:00Z,1,HB_WEST,0.7174
2027-01-15T21:00:00Z,2,HB_NORTH,1.378
2027-01-15T21:00:00Z,3,HB_SOUTH,1.1944
2027-01-15T22:00:00Z,1,HB_WEST,0.6266
2027-01-15T22:00:00Z,2,HB_NORTH,1.158
2027-01-15T22:00:00Z,3,HB_SOUTH,1.0161
2027-01-15T23:00:00Z,1,HB_WEST,0.5323
2027-01-15T23:00:00Z,2,HB_NORTH,0.9466
2027-01-15T23:00:00Z,3,HB_SOUTH,0.8414
2027-01-16T00:00:00Z,1,HB_WEST,0.3563
2027-01-16T00:00:00Z,2,HB_NORTH,0.5494
2027-01-16T00:00:00Z,3,HB_SOUTH,0.5285
2027-01-16T01:00:00Z,1,HB_WEST,0.3282
2027-01-16T01:00:00Z,2,HB_NORTH,0.4775
2027-01-16T01:00:00Z,3,HB_SOUTH,0.499
2027-01-16T02:00:00Z,1,HB_WEST,0.3193
2027-01-16T02:00:00Z,2,HB_NORTH,0.4529
2027-01-16T02:00:00Z,3,HB_SOUTH,0.4607
2027-01-16T03:00:00Z,1,HB_WEST,0.3207
2027-01-16T03:00:00Z,2,HB_NORTH,0.4419
2027-01-16T03:00:00Z,3,HB_SOUTH,0.4404
2027-01-16T04:00:00Z,1,HB_WEST,0.3023
2027-01-16T04:00:00Z,2,HB_NORTH,0.4208
2027-01-16T04:00:00Z,3,HB_SOUTH,0.4295
2027-01-16T05:00:00Z,1,HB_WEST,0.3086
2027-01-16T05:00:00Z,2,HB_NORTH,0.4163
2027-01-16T05:00:00Z,3,HB_SOUTH,0.4457
2027-01-16T06:00:00Z,1,HB_WEST,0.3019
2027-01-16T06:00:00Z,2,HB_NORTH,0.4204
2027-01-16T06:00:00Z,3,HB_SOUTH,0.4365
2027-01-16T07:00:00Z,1,HB_WEST,0.2988
2027-01-16T07:00:00Z,2,HB_NORTH,0.4032
2027-01-16T07:00:00Z,3,HB_SOUTH,0.4279
2027-01-16T08:00:00Z,1,HB_WEST,0.3075
2027-01-16T08:00:00Z,2,HB_NORTH,0.4135
2027-01-16T08:00:00Z,3,HB_SOUTH,0.4333
2027-01-16T09:00:00Z,1,HB_WEST,0.3161
2027-01-16T09:00:00Z,2,HB_NORTH,0.4059
2027-01-16T09:00:00Z,3,HB_SOUTH,0.4317
2027-01-16T10:00:00Z,1,HB_WEST,0.3049
2027-01-16T10:00:00Z,2,HB_NORTH,0.4095
2027-01-16T10:00:00Z,3,HB_SOUTH,0.4493
2027-01-16T11:00:00Z,1,HB_WEST,0.3221
2027-01-16T11:00:00Z,2,HB_NORTH,0.4257
2027-01-16T11:00:00Z,3,HB_SOUTH,0.4408
2027-01-16T12:00:00Z,1,HB_WEST,0.3298
2027-01-16T12:00:00Z,2,HB_NORTH,0.45
2027-01-16T12:00:00Z,3,HB_SOUTH,0.4651
2027-01-16T13:00:00Z,1,HB_WEST,0.3438
2027-01-16T13:00:00Z,2,HB_NORTH,0.488
2027-01-16T13:00:00Z,3,HB_SOUTH,0.4909
2027-01-16T14:00:00Z,1,HB_WEST,0.3583
2027-01-16T14:00:00Z,2,HB_NORTH,0.5529
2027-01-16T14:00:00Z,3,HB_SOUTH,0.5272
2027-01-16T15:00:00Z,1,HB_WEST,0.3766
2027-01-16T15:00:00Z,2,HB_NORTH,0.6117
2027-01-16T15:00:00Z,3,HB_SOUTH,0.5827
2027-01-16T16:00:00Z,1,HB_WEST,0.4181
2027-01-16T16:00:00Z,2,HB_NORTH,0.6793
2027-01-16T16:00:00Z,3,HB_SOUTH,0.6385
2027-01-16T17:00:00Z,1,HB_WEST,0.4588
2027-01-16T17:00:00Z,2,HB_NORTH,0.7805
2027-01-16T17:00:00Z,3,HB_SOUTH,0.6848
2027-01-16T18:00:00Z,1,HB_WEST,0.4864
2027-01-16T18:00:00Z,2,HB_NORTH,0.8296
2027-01-16T18:00:00Z,3,HB_SOUTH,0.7463
2027-01-16T19:00:00Z,1,HB_WEST,0.4951
2027-01-16T19:00:00Z,2,HB_NORTH,0.8178
2027-01-16T19:00:00Z,3,HB_SOUTH,0.7379
2027-01-16T20:00:00Z,1,HB_WEST,0.4627
2027-01-16T20:00:00Z,2,HB_NORTH,0.8376
2027-01-16T20:00:00Z,3,HB_SOUTH,0.7197
2027-01-16T21:00:00Z,1,HB_WEST,0.4629
2027-01-16T21:00:00Z,2,HB_NORTH,0.752
2027-01-16T21:00:00Z,3,HB_SOUTH,0.6726
2027-01-16T22:00:00Z,1,HB_WEST,0.4148
2027-01-16T22:00:00Z,2,HB_NORTH,0.6814
2027-01-16T22:00:00Z,3,HB_SOUTH,0.6237
2027-01-16T23:00:00Z,1,HB_WEST,0.3873
2027-01-16T23:00:00Z,2,HB_NORTH,0.5941
2027-01-16T23:00:00Z,3,HB_SOUTH,0.5751
2027-01-17T00:00:00Z,1,HB_WEST,0.3573
2027-01-17T00:00:00Z,2,HB_NORTH,0.5521
2027-01-17T00:00:00Z,3,HB_SOUTH,0.5357
2027-01-17T01:00:00Z,1,HB_WEST,0.3301
2027-01-17T01:00:00Z,2,HB_NORTH,0.475
2027-01-17T01:00:00Z,3,HB_SOUTH,0.4739
2027-01-17T02:00:00Z,1,HB_WEST,0.3182
2027-01-17T02:00:00Z,2,HB_NORTH,0.4446
2027-01-17T02:00:00Z,3,HB_SOUTH,0.4613
2027-01-17T03:00:00Z,1,HB_WEST,0.3091
2027-01-17T03:00:00Z,2,HB_NORTH,0.4354
2027-01-17T03:00:00Z,3,HB_SOUTH,0.4489
2027-01-17T04:00:00Z,1,HB_WEST,0.3151
2027-01-17T04:00:00Z,2,HB_NORTH,0.4297
2027-01-17T04:00:00Z,3,HB_SOUTH,0.4496
2027-01-17T05:00:00Z,1,HB_WEST,0.3084
2027-01-17T05:00:00Z,2,HB_NORTH,0.4122
2027-01-17T05:00:00Z,3,HB_SOUTH,0.4374
2027-01-17T06:00:00Z,1,HB_WEST,0.2989
2027-01-17T06:00:00Z,2,HB_NORTH,0.4112
2027-01-17T06:00:00Z,3,HB_SOUTH,0.435
2027-01-17T07:00:00Z,1,HB_WEST,0.3058
2027-01-17T07:00:00Z,2,HB_NORTH,0.4144
2027-01-17T07:00:00Z,3,HB_SOUTH,0.4395
2027-01-17T08:00:00Z,1,HB_WEST,0.3163
2027-01-17T08:00:00Z,2,HB_NORTH,0.4218
2027-01-17T08:00:00Z,3,HB_SOUTH,0.4378
2027-01-17T09:00:00Z,1,HB_WEST,0.3024
2027-01-17T09:00:00Z,2,HB_NORTH,0.4064
2027-01-17T09:00:00Z,3,HB_SOUTH,0.4257
2027-01-17T10:00:00Z,1,HB_WEST,0.3054
2027-01-17T10:00:00Z,2,HB_NORTH,0.4186
2027-01-17T10:00:00Z,3,HB_SOUTH,0.4489
2027-01-17T11:00:00Z,1,HB_WEST,0.3176
2027-01-17T11:00:00Z,2,HB_NORTH,0.4437
2027-01-17T11:00:00Z,3,HB_SOUTH,0.4606
2027-01-17T12:00:00Z,1,HB_WEST,0.3236
2027-01-17T12:00:00Z,2,HB_NORTH,0.4587
2027-01-17T12:00:00Z,3,HB_SOUTH,0.4714
2027-01-17T13:00:00Z,1,HB_WEST,0.3331
2027-01-17T13:00:00Z,2,HB_NORTH,0.4893
2027-01-17T13:00:00Z,3,HB_SOUTH,0.4796
2027-01-17T14:00:00Z,1,HB_WEST,0.3528
2027-01-17T14:00:00Z,2,HB_NORTH,0.5269
2027-01-17T14:00:00Z,3,HB_SOUTH,0.5129
2027-01-17T15:00:00Z,1,HB_WEST,0.3911
2027-01-17T15:00:00Z,2,HB_NORTH,0.6195
2027-01-17T15:00:00Z,3,HB_SOUTH,0.5682
2027-01-17T16:00:00Z,1,HB_WEST,0.4247
2027-01-17T16:00:00Z,2,HB_NORTH,0.6692
2027-01-17T16:00:00Z,3,HB_SOUTH,0.6321
2027-01-17T17:00:00Z,1,HB_WEST,0.4523
2027-01-17T17:00:00Z,2,HB_NORTH,0.7582
2027-01-17T17:00:00Z,3,HB_SOUTH,0.6928
2027-01-17T18:00:00Z,1,HB_WEST,0.4837
2027-01-17T18:00:00Z,2,HB_NORTH,0.8275
2027-01-17T18:00:00Z,3,HB_SOUTH,0.7106
2027-01-17T19:00:00Z,1,HB_WEST,0.4835
2027-01-17T19:00:00Z,2,HB_NORTH,0.8557
2027-01-17T19:00:00Z,3,HB_SOUTH,0.7579
2027-01-17T20:00:00Z,1,HB_WEST,0.4891
2027-01-17T20:00:00Z,2,HB_NORTH,0.8021
2027-01-17T20:00:00Z,3,HB_SOUTH,0.7498
2027-01-17T21:00:00Z,1,HB_WEST,0.4444
2027-01-17T21:00:00Z,2,HB_NORTH,0.7694
2027-01-17T21:00:00Z,3,HB_SOUTH,0.6929
2027-01-17T22:00:00Z,1,HB_WEST,0.4104
2027-01-17T22:00:00Z,2,HB_NORTH,0.7007
2027-01-17T22:00:00Z,3,HB_SOUTH,0.6262
2027-01-17T23:00:00Z,1,HB_WEST,0.393
2027-01-17T23:00:00Z,2,HB_NORTH,0.6012
2027-01-17T23:00:00Z,3,HB_SOUTH,0.5762
2027-01-18T00:00:00Z,1,HB_WEST,0.4542
2027-01-18T00:00:00Z,2,HB_NORTH,0.7847
2027-01-18T00:00:00Z,3,HB_SOUTH,0.7114
2027-01-18T01:00:00Z,1,HB_WEST,0.3912
2027-01-18T01:00:00Z,2,HB_NORTH,0.6138
2027-01-18T01:00:00Z,3,HB_SOUTH,0.5859
2027-01-18T02:00:00Z,1,HB_WEST,0.3624
2027-01-18T02:00:00Z,2,HB_NORTH,0.5198
2027-01-18T02:00:00Z,3,HB_SOUTH,0.503
2027-01-18T03:00:00Z,1,HB_WEST,0.3236
2027-01-18T03:00:00Z,2,HB_NORTH,0.4611
2027-01-18T03:00:00Z,3,HB_SOUTH,0.4653
2027-01-18T04:00:00Z,1,HB_WEST,0.3157
2027-01-18T04:00:00Z,2,HB_NORTH,0.4366
2027-01-18T04:00:00Z,3,HB_SOUTH,0.4593
2027-01-18T05:00:00Z,1,HB_WEST,0.3075
2027-01-18T05:00:00Z,2,HB_NORTH,0.4349
2027-01-18T05:00:00Z,3,HB_SOUTH,0.4493
2027-01-18T06:00:00Z,1,HB_WEST,0.3125
2027-01-18T06:00:00Z,2,HB_NORTH,0.4135
2027-01-18T06:00:00Z,3,HB_SOUTH,0.4348
2027-01-18T07:00:00Z,1,HB_WEST,0.3002
2027-01-18T07:00:00Z,2,HB_NORTH,0.4026
2027-01-18T07:00:00Z,3,HB_SOUTH,0.4386
2027-01-18T08:00:00Z,1,HB_WEST,0.3175
2027-01-18T08:00:00Z,2,HB_NORTH,0.414
2027-01-18T08:00:00Z,3,HB_SOUTH,0.4301
2027-01-18T09:00:00Z,1,HB_WEST,0.3143
2027-01-18T09:00:00Z,2,HB_NORTH,0.4132
2027-01-18T09:00:00Z,3,HB_SOUTH,0.4413
2027-01-18T10:00:00Z,1,HB_WEST,0.3243
2027-01-18T10:00:00Z,2,HB_NORTH,0.4328
2027-01-18T10:00:00Z,3,HB_SOUTH,0.4463
2027-01-18T11:00:00Z,1,HB_WEST,0.3312
2027-01-18T11:00:00Z,2,HB_NORTH,0.4734
2027-01-18T11:00:00Z,3,HB_SOUTH,0.4759
2027-01-18T12:00:00Z,1,HB_WEST,0.3466
2027-01-18T12:00:00Z,2,HB_NORTH,0.5341
2027-01-18T12:00:00Z,3,HB_SOUTH,0.5215
2027-01-18T13:00:00Z,1,HB_WEST,0.3962
2027-01-18T13:00:00Z,2,HB_NORTH,0.6164
2027-01-18T13:00:00Z,3,HB_SOUTH,0.602
2027-01-18T14:00:00Z,1,HB_WEST,0.4652
2027-01-18T14:00:00Z,2,HB_NORTH,0.7853
2027-01-18T14:00:00Z,3,HB_SOUTH,0.7106
2027-01-18T15:00:00Z,1,HB_WEST,0.5362
2027-01-18T15:00:00Z,2,HB_NORTH,0.9535
2027-01-18T15:00:00Z,3,HB_SOUTH,0.8224
2027-01-18T16:00:00Z,1,HB_WEST,0.6423
2027-01-18T16:00:00Z,2,HB_NORTH,1.1534
2027-01-18T16:00:00Z,3,HB_SOUTH,1.0061
2027-01-18T17:00:00Z,1,HB_WEST,0.7043
2027-01-18T17:00:00Z,2,HB_NORTH,1.3785
2027-01-18T17:00:00Z,3,HB_SOUTH,1.1953
2027-01-18T18:00:00Z,1,HB_WEST,0.7651
2027-01-18T18:00:00Z,2,HB_NORTH,1.5486
2027-01-18T18:00:00Z,3,HB_SOUTH,1.3101
2027-01-18T19:00:00Z,1,HB_WEST,0.7933
2027-01-18T19:00:00Z,2,HB_NORTH,1.6666
2027-01-18T19:00:00Z,3,HB_SOUTH,1.3357
2027-01-18T20:00:00Z,1,HB_WEST,0.7936
2027-01-18T20:00:00Z,2,HB_NORTH,1.5366
2027-01-18T20:00:00Z,3,HB_SOUTH,1.2725
2027-01-18T21:00:00Z,1,HB_WEST,0.7099
2027-01-18T21:00:00Z,2,HB_NORTH,1.3963
2027-01-18T21:00:00Z,3,HB_SOUTH,1.1291
2027-01-18T22:00:00Z,1,HB_WEST,0.6454
2027-01-18T22:00:00Z,2,HB_NORTH,1.1556
2027-01-18T22:00:00Z,3,HB_SOUTH,0.9814
2027-01-18T23:00:00Z,1,HB_WEST,0.5508
2027-01-18T23:00:00Z,2,HB_NORTH,0.9647
2027-01-18T23:00:00Z,3,HB_SOUTH,0.8401
2027-01-19T00:00:00Z,1,HB_WEST,0.44
2027-01-19T00:00:00Z,2,HB_NORTH,0.7765
2027-01-19T00:00:00Z,3,HB_SOUTH,0.692
2027-01-19T01:00:00Z,1,HB_WEST,0.3807
2027-01-19T01:00:00Z,2,HB_NORTH,0.6363
2027-01-19T01:00:00Z,3,HB_SOUTH,0.599
2027-01-19T02:00:00Z,1,HB_WEST,0.3519
2027-01-19T02:00:00Z,2,HB_NORTH,0.5097
2027-01-19T02:00:00Z,3,HB_SOUTH,0.516
2027-01-19T03:00:00Z,1,HB_WEST,0.3375
2027-01-19T03:00:00Z,2,HB_NORTH,0.4719
2027-01-19T03:00:00Z,3,HB_SOUTH,0.4642
2027-01-19T04:00:00Z,1,HB_WEST,0.3214
2027-01-19T04:00:00Z,2,HB_NORTH,0.4285
2027-01-19T04:00:00Z,3,HB_SOUTH,0.4398
2027-01-19T05:00:00Z,1,HB_WEST,0.3131
2027-01-19T05:00:00Z,2,HB_NORTH,0.4128
2027-01-19T05:00:00Z,3,HB_SOUTH,0.4517
2027-01-19T06:00:00Z,1,HB_WEST,0.3084
2027-01-19T06:00:00Z,2,HB_NORTH,0.4147
2027-01-19T06:00:00Z,3,HB_SOUTH,0.4416
2027-01-19T07:00:00Z,1,HB_WEST,0.3055
2027-01-19T07:00:00Z,2,HB_NORTH,0.4063
2027-01-19T07:00:00Z,3,HB_SOUTH,0.4431
2027-01-19T08:00:00Z,1,HB_WEST,0.3038
2027-01-19T08:00:00Z,2,HB_NORTH,0.4164
2027-01-19T08:00:00Z,3,HB_SOUTH,0.4338
2027-01-19T09:00:00Z,1,HB_WEST,0.3125
2027-01-19T09:00:00Z,2,HB_NORTH,0.4174
2027-01-19T09:00:00Z,3,HB_SOUTH,0.439
2027-01-19T10:00:00Z,1,HB_WEST,0.3096
2027-01-19T10:00:00Z,2,HB_NORTH,0.4264
2027-01-19T10:00:00Z,3,HB_SOUTH,0.4452
2027-01-19T11:00:00Z,1,HB_WEST,0.3282
2027-01-19T11:00:00Z,2,HB_NORTH,0.473
2027-01-19T11:00:00Z,3,HB_SOUTH,0.4823
2027-01-19T12:00:00Z,1,HB_WEST,0.3452
2027-01-19T12:00:00Z,2,HB_NORTH,0.5349
2027-01-19T12:00:00Z,3,HB_SOUTH,0.4998
2027-01-19T13:00:00Z,1,HB_WEST,0.395
2027-01-19T13:00:00Z,2,HB_NORTH,0.6072
2027-01-19T13:00:00Z,3,HB_SOUTH,0.5949
2027-01-19T14:00:00Z,1,HB_WEST,0.466
2027-01-19T14:00:00Z,2,HB_NORTH,0.7839
2027-01-19T14:00:00Z,3,HB_SOUTH,0.69
2027-01-19T15:00:00Z,1,HB_WEST,0.5329
2027-01-19T15:00:00Z,2,HB_NORTH,0.9592
2027-01-19T15:00:00Z,3,HB_SOUTH,0.8226
2027-01-19T16:00:00Z,1,HB_WEST,0.6286
2027-01-19T16:00:00Z,2,HB_NORTH,1.2213
2027-01-19T16:00:00Z,3,HB_SOUTH,1.0122
2027-01-19T17:00:00Z,1,HB_WEST,0.7239
2027-01-19T17:00:00Z,2,HB_NORTH,1.4042
2027-01-19T17:00:00Z,3,HB_SOUTH,1.1551
2027-01-19T18:00:00Z,1,HB_WEST,0.7855
2027-01-19T18:00:00Z,2,HB_NORTH,1.5532
2027-01-19T18:00:00Z,3,HB_SOUTH,1.3017
2027-01-19T19:00:00Z,1,HB_WEST,0.8083
2027-01-19T19:00:00Z,2,HB_NORTH,1.6272
2027-01-19T19:00:00Z,3,HB_SOUTH,1.3127
2027-01-19T20:00:00Z,1,HB_WEST,0.7838
2027-01-19T20:00:00Z,2,HB_NORTH,1.5505
2027-01-19T20:00:00Z,3,HB_SOUTH,1.2865
2027-01-19T21:00:00Z,1,HB_WEST,0.7007
2027-01-19T21:00:00Z,2,HB_NORTH,1.4479
2027-01-19T21:00:00Z,3,HB_SOUTH,1.1556
2027-01-19T22:00:00Z,1,HB_WEST,0.6114
2027-01-19T22:00:00Z,2,HB_NORTH,1.2159
2027-01-19T22:00:00Z,3,HB_SOUTH,1.0096
2027-01-19T23:00:00Z,1,HB_WEST,0.5469
2027-01-19T23:00:00Z,2,HB_NORTH,0.939
2027-01-19T23:00:00Z,3,HB_SOUTH,0.8447
2027-01-20T00:00:00Z,1,HB_WEST,0.443
2027-01-20T00:00:00Z,2,HB_NORTH,0.7583
2027-01-20T00:00:00Z,3,HB_SOUTH,0.6998
2027-01-20T01:00:00Z,1,HB_WEST,0.394
2027-01-20T01:00:00Z,2,HB_NORTH,0.631
2027-01-20T01:00:00Z,3,HB_SOUTH,0.5877
2027-01-20T02:00:00Z,1,HB_WEST,0.3418
2027-01-20T02:00:00Z,2,HB_NORTH,0.5221
2027-01-20T02:00:00Z,3,HB_SOUTH,0.5097
2027-01-20T03:00:00Z,1,HB_WEST,0.3319
2027-01-20T03:00:00Z,2,HB_NORTH,0.464
2027-01-20T03:00:00Z,3,HB_SOUTH,0.4678
2027-01-20T04:00:00Z,1,HB_WEST,0.3141
2027-01-20T04:00:00Z,2,HB_NORTH,0.4416
2027-01-20T04:00:00Z,3,HB_SOUTH,0.4602
2027-01-20T05:00:00Z,1,HB_WEST,0.3071
2027-01-20T05:00:00Z,2,HB_NORTH,0.4221
2027-01-20T05:00:00Z,3,HB_SOUTH,0.4439
2027-01-20T06:00:00Z,1,HB_WEST,0.3052
2027-01-20T06:00:00Z,2,HB_NORTH,0.409
2027-01-20T06:00:00Z,3,HB_SOUTH,0.4452
2027-01-20T07:00:00Z,1,HB_WEST,0.301
2027-01-20T07:00:00Z,2,HB_NORTH,0.4093
2027-01-20T07:00:00Z,3,HB_SOUTH,0.427
2027-01-20T08:00:00Z,1,HB_WEST,0.3031
2027-01-20T08:00:00Z,2,HB_NORTH,0.4191
2027-01-20T08:00:00Z,3,HB_SOUTH,0.4415
2027-01-20T09:00:00Z,1,HB_WEST,0.3127
2027-01-20T09:00:00Z,2,HB_NORTH,0.4182
2027-01-20T09:00:00Z,3,HB_SOUTH,0.4497
2027-01-20T10:00:00Z,1,HB_WEST,0.317
2027-01-20T10:00:00Z,2,HB_NORTH,0.428
2027-01-20T10:00:00Z,3,HB_SOUTH,0.4548
2027-01-20T11:00:00Z,1,HB_WEST,0.3284
2027-01-20T11:00:00Z,2,HB_NORTH,0.4694
2027-01-20T11:00:00Z,3,HB_SOUTH,0.4763
2027-01-20T12:00:00Z,1,HB_WEST,0.3568
2027-01-20T12:00:00Z,2,HB_NORTH,0.5322
2027-01-20T12:00:00Z,3,HB_SOUTH,0.521
2027-01-20T13:00:00Z,1,HB_WEST,0.402
2027-01-20T13:00:00Z,2,HB_NORTH,0.6073
2027-01-20T13:00:00Z,3,HB_SOUTH,0.5844
2027-01-20T14:00:00Z,1,HB_WEST,0.4575
2027-01-20T14:00:00Z,2,HB_NORTH,0.7538
2027-01-20T14:00:00Z,3,HB_SOUTH,0.6949
2027-01-20T15:00:00Z,1,HB_WEST,0.5243
2027-01-20T15:00:00Z,2,HB_NORTH,0.9644
2027-01-20T15:00:00Z,3,HB_SOUTH,0.8301
2027-01-20T16:00:00Z,1,HB_WEST,0.6312
2027-01-20T16:00:00Z,2,HB_NORTH,1.1961
2027-01-20T16:00:00Z,3,HB_SOUTH,1.0203
2027-01-20T17:00:00Z,1,HB_WEST,0.7229
2027-01-20T17:00:00Z,2,HB_NORTH,1.4102
2027-01-20T17:00:00Z,3,HB_SOUTH,1.182
2027-01-20T18:00:00Z,1,HB_WEST,0.7919
2027-01-20T18:00:00Z,2,HB_NORTH,1.5436
2027-01-20T18:00:00Z,3,HB_SOUTH,1.3156
2027-01-20T19:00:00Z,1,HB_WEST,0.8165
2027-01-20T19:00:00Z,2,HB_NORTH,1.6235
2027-01-20T19:00:00Z,3,HB_SOUTH,1.3499
2027-01-20T20:00:00Z,1,HB_WEST,0.7742
2027-01-20T20:00:00Z,2,HB_NORTH,1.592
2027-01-20T20:00:00Z,3,HB_SOUTH,1.2436
2027-01-20T21:00:00Z,1,HB_WEST,0.7222
2027-01-20T21:00:00Z,2,HB_NORTH,1.4329
2027-01-20T21:00:00Z,3,HB_SOUTH,1.1615
2027-01-20T22:00:00Z,1,HB_WEST,0.639
2027-01-20T22:00:00Z,2,HB_NORTH,1.1812
2027-01-20T22:00:00Z,3,HB_SOUTH,0.9918
2027-01-20T23:00:00Z,1,HB_WEST,0.5486
2027-01-20T23:00:00Z,2,HB_NORTH,0.988
2027-01-20T23:00:00Z,3,HB_SOUTH,0.8506
2027-01-21T00:00:00Z,1,HB_WEST,0.4473
2027-01-21T00:00:00Z,2,HB_NORTH,0.7817
2027-01-21T00:00:00Z,3,HB_SOUTH,0.6744
2027-01-21T01:00:00Z,1,HB_WEST,0.3848
2027-01-21T01:00:00Z,2,HB_NORTH,0.6357
2027-01-21T01:00:00Z,3,HB_SOUTH,0.6029
2027-01-21T02:00:00Z,1,HB_WEST,0.3536
2027-01-21T02:00:00Z,2,HB_NORTH,0.5116
2027-01-21T02:00:00Z,3,HB_SOUTH,0.5257
2027-01-21T03:00:00Z,1,HB_WEST,0.331
2027-01-21T03:00:00Z,2,HB_NORTH,0.4742
2027-01-21T03:00:00Z,3,HB_SOUTH,0.4752
2027-01-21T04:00:00Z,1,HB_WEST,0.3173
2027-01-21T04:00:00Z,2,HB_NORTH,0.4419
2027-01-21T04:00:00Z,3,HB_SOUTH,0.4544
2027-01-21T05:00:00Z,1,HB_WEST,0.3046
2027-01-21T05:00:00Z,2,HB_NORTH,0.4162
2027-01-21T05:00:00Z,3,HB_SOUTH,0.4352
2027-01-21T06:00:00Z,1,HB_WEST,0.3062
2027-01-21T06:00:00Z,2,HB_NORTH,0.4089
2027-01-21T06:00:00Z,3,HB_SOUTH,0.4311
2027-01-21T07:00:00Z,1,HB_WEST,0.3049
2027-01-21T07:00:00Z,2,HB_NORTH,0.409
2027-01-21T07:00:00Z,3,HB_SOUTH,0.4476
2027-01-21T08:00:00Z,1,HB_WEST,0.3024
2027-01-21T08:00:00Z,2,HB_NORTH,0.4117
2027-01-21T08:00:00Z,3,HB_SOUTH,0.4304
2027-01-21T09:00:00Z,1,HB_WEST,0.3178
2027-01-21T09:00:00Z,2,HB_NORTH,0.4246
2027-01-21T09:00:00Z,3,HB_SOUTH,0.4421
2027-01-21T10:00:00Z,1,HB_WEST,0.3095
2027-01-21T10:00:00Z,2,HB_NORTH,0.4243
2027-01-21T10:00:00Z,3,HB_SOUTH,0.4574
2027-01-21T11:00:00Z,1,HB_WEST,0.322
2027-01-21T11:00:00Z,2,HB_NORTH,0.4774
2027-01-21T11:00:00Z,3,HB_SOUTH,0.474
2027-01-21T12:00:00Z,1,HB_WEST,0.3621
2027-01-21T12:00:00Z,2,HB_NORTH,0.5313
2027-01-21T12:00:00Z,3,HB_SOUTH,0.5254
2027-01-21T13:00:00Z,1,HB_WEST,0.3822
2027-01-21T13:00:00Z,2,HB_NORTH,0.619
2027-01-21T13:00:00Z,3,HB_SOUTH,0.5986
2027-01-21T14:00:00Z,1,HB_WEST,0.4593
2027-01-21T14:00:00Z,2,HB_NORTH,0.7731
2027-01-21T14:00:00Z,3,HB_SOUTH,0.7065
2027-01-21T15:00:00Z,1,HB_WEST,0.5338
2027-01-21T15:00:00Z,2,HB_NORTH,0.9592
2027-01-21T15:00:00Z,3,HB_SOUTH,0.8189
2027-01-21T16:00:00Z,1,HB_WEST,0.6364
2027-01-21T16:00:00Z,2,HB_NORTH,1.1944
2027-01-21T16:00:00Z,3,HB_SOUTH,0.9849
2027-01-21T17:00:00Z,1,HB_WEST,0.7033
2027-01-21T17:00:00Z,2,HB_NORTH,1.3924
2027-01-21T17:00:00Z,3,HB_SOUTH,1.1828
2027-01-21T18:00:00Z,1,HB_WEST,0.7914
2027-01-21T18:00:00Z,2,HB_NORTH,1.5187
2027-01-21T18:00:00Z,3,HB_SOUTH,1.2626
2027-01-21T19:00:00Z,1,HB_WEST,0.7925
2027-01-21T19:00:00Z,2,HB_NORTH,1.6374
2027-01-21T19:00:00Z,3,HB_SOUTH,1.306
2027-01-21T20:00:00Z,1,HB_WEST,0.7854
2027-01-21T20:00:00Z,2,HB_NORTH,1.5595
2027-01-21T20:00:00Z,3,HB_SOUTH,1.2623
2027-01-21T21:00:00Z,1,HB_WEST,0.7321
2027-01-21T21:00:00Z,2,HB_NORTH,1.3723
2027-01-21T21:00:00Z,3,HB_SOUTH,1.1525
2027-01-21T22:00:00Z,1,HB_WEST,0.6111
2027-01-21T22:00:00Z,2,HB_NORTH,1.1916
2027-01-21T22:00:00Z,3,HB_SOUTH,1.0308
2027-01-21T23:00:00Z,1,HB_WEST,0.5445
2027-01-21T23:00:00Z,2,HB_NORTH,0.9747
2027-01-21T23:00:00Z,3,HB_SOUTH,0.8221
2027-01-22T00:00:00Z,1,HB_WEST,0.45
2027-01-22T00:00:00Z,2,HB_NORTH,0.7468
2027-01-22T00:00:00Z,3,HB_SOUTH,0.6739
2027-01-22T01:00:00Z,1,HB_WEST,0.3841
2027-01-22T01:00:00Z,2,HB_NORTH,0.6199
2027-01-22T01:00:00Z,3,HB_SOUTH,0.5828
2027-01-22T02:00:00Z,1,HB_WEST,0.3438
2027-01-22T02:00:00Z,2,HB_NORTH,0.5071
2027-01-22T02:00:00Z,3,HB_SOUTH,0.5065
2027-01-22T03:00:00Z,1,HB_WEST,0.319
2027-01-22T03:00:00Z,2,HB_NORTH,0.4751
2027-01-22T03:00:00Z,3,HB_SOUTH,0.4613
2027-01-22T04:00:00Z,1,HB_WEST,0.3257
2027-01-22T04:00:00Z,2,HB_NORTH,0.4243
2027-01-22T04:00:00Z,3,HB_SOUTH,0.4547
2027-01-22T05:00:00Z,1,HB_WEST,0.3191
2027-01-22T05:00:00Z,2,HB_NORTH,0.4281
2027-01-22T05:00:00Z,3,HB_SOUTH,0.4483
2027-01-22T06:00:00Z,1,HB_WEST,0.3014
2027-01-22T06:00:00Z,2,HB_NORTH,0.4156
2027-01-22T06:00:00Z,3,HB_SOUTH,0.4477
2027-01-22T07:00:00Z,1,HB_WEST,0.3082
2027-01-22T07:00:00Z,2,HB_NORTH,0.4151
2027-01-22T07:00:00Z,3,HB_SOUTH,0.4256
2027-01-22T08:00:00Z,1,HB_WEST,0.2995
2027-01-22T08:00:00Z,2,HB_NORTH,0.4082
2027-01-22T08:00:00Z,3,HB_SOUTH,0.4453
2027-01-22T09:00:00Z,1,HB_WEST,0.3126
2027-01-22T09:00:00Z,2,HB_NORTH,0.4267
2027-01-22T09:00:00Z,3,HB_SOUTH,0.4509
2027-01-22T10:00:00Z,1,HB_WEST,0.317
2027-01-22T10:00:00Z,2,HB_NORTH,0.4398
2027-01-22T10:00:00Z,3,HB_SOUTH,0.4653
2027-01-22T11:00:00Z,1,HB_WEST,0.3361
2027-01-22T11:00:00Z,2,HB_NORTH,0.4743
2027-01-22T11:00:00Z,3,HB_SOUTH,0.4843
2027-01-22T12:00:00Z,1,HB_WEST,0.3481
2027-01-22T12:00:00Z,2,HB_NORTH,0.5344
2027-01-22T12:00:00Z,3,HB_SOUTH,0.5094
2027-01-22T13:00:00Z,1,HB_WEST,0.3812
2027-01-22T13:00:00Z,2,HB_NORTH,0.6005
2027-01-22T13:00:00Z,3,HB_SOUTH,0.592
2027-01-22T14:00:00Z,1,HB_WEST,0.4644
2027-01-22T14:00:00Z,2,HB_NORTH,0.7521
2027-01-22T14:00:00Z,3,HB_SOUTH,0.6782
2027-01-22T15:00:00Z,1,HB_WEST,0.5258
2027-01-22T15:00:00Z,2,HB_NORTH,0.9561
2027-01-22T15:00:00Z,3,HB_SOUTH,0.8473
2027-01-22T16:00:00Z,1,HB_WEST,0.617
2027-01-22T16:00:00Z,2,HB_NORTH,1.1991
2027-01-22T16:00:00Z,3,HB_SOUTH,1.0156
2027-01-22T17:00:00Z,1,HB_WEST,0.7294
2027-01-22T17:00:00Z,2,HB_NORTH,1.3707
2027-01-22T17:00:00Z,3,HB_SOUTH,1.1493
2027-01-22T18:00:00Z,1,HB_WEST,0.7769
2027-01-22T18:00:00Z,2,HB_NORTH,1.5733
2027-01-22T18:00:00Z,3,HB_SOUTH,1.278
2027-01-22T19:00:00Z,1,HB_WEST,0.8121
2027-01-22T19:00:00Z,2,HB_NORTH,1.5742
2027-01-22T19:00:00Z,3,HB_SOUTH,1.3036
2027-01-22T20:00:00Z,1,HB_WEST,0.7821
2027-01-22T20:00:00Z,2,HB_NORTH,1.6036
2027-01-22T20:00:00Z,3,HB_SOUTH,1.3071
2027-01-22T21:00:00Z,1,HB_WEST,0.7381
2027-01-22T21:00:00Z,2,HB_NORTH,1.4306
2027-01-22T21:00:00Z,3,HB_SOUTH,1.1909
2027-01-22T22:00:00Z,1,HB_WEST,0.6394
2027-01-22T22:00:00Z,2,HB_NORTH,1.1731
2027-01-22T22:00:00Z,3,HB_SOUTH,0.9988
2027-01-22T23:00:00Z,1,HB_WEST,0.5355
2027-01-22T23:00:00Z,2,HB_NORTH,0.958
2027-01-22T23:00:00Z,3,HB_SOUTH,0.8327
2027-01-23T00:00:00Z,1,HB_WEST,0.3682
2027-01-23T00:00:00Z,2,HB_NORTH,0.5281
2027-01-23T00:00:00Z,3,HB_SOUTH,0.524
2027-01-23T01:00:00Z,1,HB_WEST,0.3295
2027-01-23T01:00:00Z,2,HB_NORTH,0.4841
2027-01-23T01:00:00Z,3,HB_SOUTH,0.4804
2027-01-23T02:00:00Z,1,HB_WEST,0.3155
2027-01-23T02:00:00Z,2,HB_NORTH,0.4412
2027-01-23T02:00:00Z,3,HB_SOUTH,0.4702
2027-01-23T03:00:00Z,1,HB_WEST,0.3189
2027-01-23T03:00:00Z,2,HB_NORTH,0.4245
2027-01-23T03:00:00Z,3,HB_SOUTH,0.45
2027-01-23T04:00:00Z,1,HB_WEST,0.3039
2027-01-23T04:00:00Z,2,HB_NORTH,0.4333
2027-01-23T04:00:00Z,3,HB_SOUTH,0.451
2027-01-23T05:00:00Z,1,HB_WEST,0.3133
2027-01-23T05:00:00Z,2,HB_NORTH,0.4123
2027-01-23T05:00:00Z,3,HB_SOUTH,0.4391
2027-01-23T06:00:00Z,1,HB_WEST,0.3055
2027-01-23T06:00:00Z,2,HB_NORTH,0.4068
2027-01-23T06:00:00Z,3,HB_SOUTH,0.4337
2027-01-23T07:00:00Z,1,HB_WEST,0.3112
2027-01-23T07:00:00Z,2,HB_NORTH,0.4198
2027-01-23T07:00:00Z,3,HB_SOUTH,0.446
2027-01-23T08:00:00Z,1,HB_WEST,0.3093
2027-01-23T08:00:00Z,2,HB_NORTH,0.4096
2027-01-23T08:00:00Z,3,HB_SOUTH,0.4298
2027-01-23T09:00:00Z,1,HB_WEST,0.3086
2027-01-23T09:00:00Z,2,HB_NORTH,0.4268
2027-01-23T09:00:00Z,3,HB_SOUTH,0.4295
2027-01-23T10:00:00Z,1,HB_WEST,0.3113
2027-01-23T10:00:00Z,2,HB_NORTH,0.4332
2027-01-23T10:00:00Z,3,HB_SOUTH,0.4314
2027-01-23T11:00:00Z,1,HB_WEST,0.306
2027-01-23T11:00:00Z,2,HB_NORTH,0.4244
2027-01-23T11:00:00Z,3,HB_SOUTH,0.4572
2027-01-23T12:00:00Z,1,HB_WEST,0.324
2027-01-23T12:00:00Z,2,HB_NORTH,0.4475
2027-01-23T12:00:00Z,3,HB_SOUTH,0.453
2027-01-23T13:00:00Z,1,HB_WEST,0.3402
2027-01-23T13:00:00Z,2,HB_NORTH,0.4768
2027-01-23T13:00:00Z,3,HB_SOUTH,0.4778
2027-01-23T14:00:00Z,1,HB_WEST,0.3609
2027-01-23T14:00:00Z,2,HB_NORTH,0.525
2027-01-23T14:00:00Z,3,HB_SOUTH,0.5156
2027-01-23T15:00:00Z,1,HB_WEST,0.3876
2027-01-23T15:00:00Z,2,HB_NORTH,0.6024
2027-01-23T15:00:00Z,3,HB_SOUTH,0.5901
2027-01-23T16:00:00Z,1,HB_WEST,0.4156
2027-01-23T16:00:00Z,2,HB_NORTH,0.6796
2027-01-23T16:00:00Z,3,HB_SOUTH,0.6413
2027-01-23T17:00:00Z,1,HB_WEST,0.4405
2027-01-23T17:00:00Z,2,HB_NORTH,0.7768
2027-01-23T17:00:00Z,3,HB_SOUTH,0.6928
2027-01-23T18:00:00Z,1,HB_WEST,0.4813
2027-01-23T18:00:00Z,2,HB_NORTH,0.8167
2027-01-23T18:00:00Z,3,HB_SOUTH,0.7372
2027-01-23T19:00:00Z,1,HB_WEST,0.4692
2027-01-23T19:00:00Z,2,HB_NORTH,0.8345
2027-01-23T19:00:00Z,3,HB_SOUTH,0.7329
2027-01-23T20:00:00Z,1,HB_WEST,0.4758
2027-01-23T20:00:00Z,2,HB_NORTH,0.8131
2027-01-23T20:00:00Z,3,HB_SOUTH,0.72
2027-01-23T21:00:00Z,1,HB_WEST,0.4543
2027-01-23T21:00:00Z,2,HB_NORTH,0.7568
2027-01-23T21:00:00Z,3,HB_SOUTH,0.7086
2027-01-23T22:00:00Z,1,HB_WEST,0.4131
2027-01-23T22:00:00Z,2,HB_NORTH,0.6679
2027-01-23T22:00:00Z,3,HB_SOUTH,0.623
2027-01-23T23:00:00Z,1,HB_WEST,0.3895
2027-01-23T23:00:00Z,2,HB_NORTH,0.5934
2027-01-23T23:00:00Z,3,HB_SOUTH,0.5747
2027-01-24T00:00:00Z,1,HB_WEST,0.3501
2027-01-24T00:00:00Z,2,HB_NORTH,0.5421
2027-01-24T00:00:00Z,3,HB_SOUTH,0.5301
2027-01-24T01:00:00Z,1,HB_WEST,0.3323
2027-01-24T01:00:00Z,2,HB_NORTH,0.498
2027-01-24T01:00:00Z,3,HB_SOUTH,0.4789
2027-01-24T02:00:00Z,1,HB_WEST,0.3315
2027-01-24T02:00:00Z,2,HB_NORTH,0.4602
2027-01-24T02:00:00Z,3,HB_SOUTH,0.4728
2027-01-24T03:00:00Z,1,HB_WEST,0.3106
2027-01-24T03:00:00Z,2,HB_NORTH,0.4416
2027-01-24T03:00:00Z,3,HB_SOUTH,0.4556
2027-01-24T04:00:00Z,1,HB_WEST,0.3138
2027-01-24T04:00:00Z,2,HB_NORTH,0.4187
2027-01-24T04:00:00Z,3,HB_SOUTH,0.4532
2027-01-24T05:00:00Z,1,HB_WEST,0.3029
2027-01-24T05:00:00Z,2,HB_NORTH,0.4268
2027-01-24T05:00:00Z,3,HB_SOUTH,0.4312
2027-01-24T06:00:00Z,1,HB_WEST,0.3055
2027-01-24T06:00:00Z,2,HB_NORTH,0.4109
2027-01-24T06:00:00Z,3,HB_SOUTH,0.4289
2027-01-24T07:00:00Z,1,HB_WEST,0.2983
2027-01-24T07:00:00Z,2,HB_NORTH,0.4018
2027-01-24T07:00:00Z,3,HB_SOUTH,0.4405
2027-01-24T08:00:00Z,1,HB_WEST,0.3015
2027-01-24T08:00:00Z,2,HB_NORTH,0.4119
2027-01-24T08:00:00Z,3,HB_SOUTH,0.4401
2027-01-24T09:00:00Z,1,HB_WEST,0.3012
2027-01-24T09:00:00Z,2,HB_NORTH,0.4178
2027-01-24T09:00:00Z,3,HB_SOUTH,0.4488
2027-01-24T10:00:00Z,1,HB_WEST,0.3074
2027-01-24T10:00:00Z,2,HB_NORTH,0.4278
2027-01-24T10:00:00Z,3,HB_SOUTH,0.4431
2027-01-24T11:00:00Z,1,HB_WEST,0.3055
2027-01-24T11:00:00Z,2,HB_NORTH,0.442
2027-01-24T11:00:00Z,3,HB_SOUTH,0.4528
2027-01-24T12:00:00Z,1,HB_WEST,0.3136
2027-01-24T12:00:00Z,2,HB_NORTH,0.4566
2027-01-24T12:00:00Z,3,HB_SOUTH,0.4729
2027-01-24T13:00:00Z,1,HB_WEST,0.3355
2027-01-24T13:00:00Z,2,HB_NORTH,0.4985
2027-01-24T13:00:00Z,3,HB_SOUTH,0.4919
2027-01-24T14:00:00Z,1,HB_WEST,0.3537
2027-01-24T14:00:00Z,2,HB_NORTH,0.5443
2027-01-24T14:00:00Z,3,HB_SOUTH,0.5415
2027-01-24T15:00:00Z,1,HB_WEST,0.395
2027-01-24T15:00:00Z,2,HB_NORTH,0.6089
2027-01-24T15:00:00Z,3,HB_SOUTH,0.5602
2027-01-24T16:00:00Z,1,HB_WEST,0.4232
2027-01-24T16:00:00Z,2,HB_NORTH,0.6863
2027-01-24T16:00:00Z,3,HB_SOUTH,0.6331
2027-01-24T17:00:00Z,1,HB_WEST,0.4502
2027-01-24T17:00:00Z,2,HB_NORTH,0.7769
2027-01-24T17:00:00Z,3,HB_SOUTH,0.685
2027-01-24T18:00:00Z,1,HB_WEST,0.4626
2027-01-24T18:00:00Z,2,HB_NORTH,0.8302
2027-01-24T18:00:00Z,3,HB_SOUTH,0.7165
2027-01-24T19:00:00Z,1,HB_WEST,0.4803
2027-01-24T19:00:00Z,2,HB_NORTH,0.8178
2027-01-24T19:00:00Z,3,HB_SOUTH,0.7323
2027-01-24T20:00:00Z,1,HB_WEST,0.4854
2027-01-24T20:00:00Z,2,HB_NORTH,0.8064
2027-01-24T20:00:00Z,3,HB_SOUTH,0.7407
2027-01-24T21:00:00Z,1,HB_WEST,0.4496
2027-01-24T21:00:00Z,2,HB_NORTH,0.7565
2027-01-24T21:00:00Z,3,HB_SOUTH,0.7049
2027-01-24T22:00:00Z,1,HB_WEST,0.4229
2027-01-24T22:00:00Z,2,HB_NORTH,0.6961
2027-01-24T22:00:00Z,3,HB_SOUTH,0.6371
2027-01-24T23:00:00Z,1,HB_WEST,0.3898
2027-01-24T23:00:00Z,2,HB_NORTH,0.5903
2027-01-24T23:00:00Z,3,HB_SOUTH,0.5829
2027-01-25T00:00:00Z,1,HB_WEST,0.4623
2027-01-25T00:00:00Z,2,HB_NORTH,0.7633
2027-01-25T00:00:00Z,3,HB_SOUTH,0.6761
2027-01-25T01:00:00Z,1,HB_WEST,0.3846
2027-01-25T01:00:00Z,2,HB_NORTH,0.6052
2027-01-25T01:00:00Z,3,HB_SOUTH,0.5789
2027-01-25T02:00:00Z,1,HB_WEST,0.3438
2027-01-25T02:00:00Z,2,HB_NORTH,0.531
2027-01-25T02:00:00Z,3,HB_SOUTH,0.5269
2027-01-25T03:00:00Z,1,HB_WEST,0.3215
2027-01-25T03:00:00Z,2,HB_NORTH,0.473
2027-01-25T03:00:00Z,3,HB_SOUTH,0.473
2027-01-25T04:00:00Z,1,HB_WEST,0.3213
2027-01-25T04:00:00Z,2,HB_NORTH,0.4415
2027-01-25T04:00:00Z,3,HB_SOUTH,0.4525
2027-01-25T05:00:00Z,1,HB_WEST,0.3093
2027-01-25T05:00:00Z,2,HB_NORTH,0.4154
2027-01-25T05:00:00Z,3,HB_SOUTH,0.4312
2027-01-25T06:00:00Z,1,HB_WEST,0.3022
2027-01-25T06:00:00Z,2,HB_NORTH,0.4117
2027-01-25T06:00:00Z,3,HB_SOUTH,0.4421
2027-01-25T07:00:00Z,1,HB_WEST,0.3125
2027-01-25T07:00:00Z,2,HB_NORTH,0.4247
2027-01-25T07:00:00Z,3,HB_SOUTH,0.4286
2027-01-25T08:00:00Z,1,HB_WEST,0.3078
2027-01-25T08:00:00Z,2,HB_NORTH,0.4139
2027-01-25T08:00:00Z,3,HB_SOUTH,0.4264
2027-01-25T09:00:00Z,1,HB_WEST,0.3194
2027-01-25T09:00:00Z,2,HB_NORTH,0.4189
2027-01-25T09:00:00Z,3,HB_SOUTH,0.4529
2027-01-25T10:00:00Z,1,HB_WEST,0.3145
2027-01-25T10:00:00Z,2,HB_NORTH,0.4248
2027-01-25T10:00:00Z,3,HB_SOUTH,0.4601
2027-01-25T11:00:00Z,1,HB_WEST,0.3211
2027-01-25T11:00:00Z,2,HB_NORTH,0.4749
2027-01-25T11:00:00Z,3,HB_SOUTH,0.4776
2027-01-25T12:00:00Z,1,HB_WEST,0.3614
2027-01-25T12:00:00Z,2,HB_NORTH,0.5206
2027-01-25T12:00:00Z,3,HB_SOUTH,0.5026
2027-01-25T13:00:00Z,1,HB_WEST,0.3913
2027-01-25T13:00:00Z,2,HB_NORTH,0.63
2027-01-25T13:00:00Z,3,HB_SOUTH,0.5783
2027-01-25T14:00:00Z,1,HB_WEST,0.4549
2027-01-25T14:00:00Z,2,HB_NORTH,0.7601
2027-01-25T14:00:00Z,3,HB_SOUTH,0.7103
2027-01-25T15:00:00Z,1,HB_WEST,0.5511
2027-01-25T15:00:00Z,2,HB_NORTH,0.9384
2027-01-25T15:00:00Z,3,HB_SOUTH,0.8581
2027-01-25T16:00:00Z,1,HB_WEST,0.6464
2027-01-25T16:00:00Z,2,HB_NORTH,1.1958
2027-01-25T16:00:00Z,3,HB_SOUTH,1.0071
2027-01-25T17:00:00Z,1,HB_WEST,0.7021
2027-01-25T17:00:00Z,2,HB_NORTH,1.4173
2027-01-25T17:00:00Z,3,HB_SOUTH,1.1851
2027-01-25T18:00:00Z,1,HB_WEST,0.7805
2027-01-25T18:00:00Z,2,HB_NORTH,1.5993
2027-01-25T18:00:00Z,3,HB_SOUTH,1.2852
2027-01-25T19:00:00Z,1,HB_WEST,0.8315
2027-01-25T19:00:00Z,2,HB_NORTH,1.6028
2027-01-25T19:00:00Z,3,HB_SOUTH,1.3477
2027-01-25T20:00:00Z,1,HB_WEST,0.8046
2027-01-25T20:00:00Z,2,HB_NORTH,1.5307
2027-01-25T20:00:00Z,3,HB_SOUTH,1.2738
2027-01-25T21:00:00Z,1,HB_WEST,0.7261
2027-01-25T21:00:00Z,2,HB_NORTH,1.4106
2027-01-25T21:00:00Z,3,HB_SOUTH,1.1663
2027-01-25T22:00:00Z,1,HB_WEST,0.6435
2027-01-25T22:00:00Z,2,HB_NORTH,1.1914
2027-01-25T22:00:00Z,3,HB_SOUTH,0.9777
2027-01-25T23:00:00Z,1,HB_WEST,0.5234
2027-01-25T23:00:00Z,2,HB_NORTH,0.9899
2027-01-25T23:00:00Z,3,HB_SOUTH,0.8349
2027-01-26T00:00:00Z,1,HB_WEST,0.4522
2027-01-26T00:00:00Z,2,HB_NORTH,0.7466
2027-01-26T00:00:00Z,3,HB_SOUTH,0.6782
2027-01-26T01:00:00Z,1,HB_WEST,0.3865
2027-01-26T01:00:00Z,2,HB_NORTH,0.6062
2027-01-26T01:00:00Z,3,HB_SOUTH,0.5829
2027-01-26T02:00:00Z,1,HB_WEST,0.3618
2027-01-26T02:00:00Z,2,HB_NORTH,0.53
2027-01-26T02:00:00Z,3,HB_SOUTH,0.5238
2027-01-26T03:00:00Z,1,HB_WEST,0.3301
2027-01-26T03:00:00Z,2,HB_NORTH,0.4665
2027-01-26T03:00:00Z,3,HB_SOUTH,0.4707
2027-01-26T04:00:00Z,1,HB_WEST,0.3134
2027-01-26T04:00:00Z,2,HB_NORTH,0.4235
2027-01-26T04:00:00Z,3,HB_SOUTH,0.4549
2027-01-26T05:00:00Z,1,HB_WEST,0.3014
2027-01-26T05:00:00Z,2,HB_NORTH,0.4334
2027-01-26T05:00:00Z,3,HB_SOUTH,0.4497
2027-01-26T06:00:00Z,1,HB_WEST,0.3042
2027-01-26T06:00:00Z,2,HB_NORTH,0.4044
2027-01-26T06:00:00Z,3,HB_SOUTH,0.4304
2027-01-26T07:00:00Z,1,HB_WEST,0.3068
2027-01-26T07:00:00Z,2,HB_NORTH,0.4262
2027-01-26T07:00:00Z,3,HB_SOUTH,0.4475
2027-01-26T08:00:00Z,1,HB_WEST,0.3165
2027-01-26T08:00:00Z,2,HB_NORTH,0.4288
2027-01-26T08:00:00Z,3,HB_SOUTH,0.4488
2027-01-26T09:00:00Z,1,HB_WEST,0.3025
2027-01-26T09:00:00Z,2,HB_NORTH,0.4203
2027-01-26T09:00:00Z,3,HB_SOUTH,0.4533
2027-01-26T10:00:00Z,1,HB_WEST,0.3144
2027-01-26T10:00:00Z,2,HB_NORTH,0.4242
2027-01-26T10:00:00Z,3,HB_SOUTH,0.448
2027-01-26T11:00:00Z,1,HB_WEST,0.3259
2027-01-26T11:00:00Z,2,HB_NORTH,0.4544
2027-01-26T11:00:00Z,3,HB_SOUTH,0.4635
2027-01-26T12:00:00Z,1,HB_WEST,0.352
2027-01-26T12:00:00Z,2,HB_NORTH,0.519
2027-01-26T12:00:00Z,3,HB_SOUTH,0.5206
2027-01-26T13:00:00Z,1,HB_WEST,0.385
2027-01-26T13:00:00Z,2,HB_NORTH,0.6079
2027-01-26T13:00:00Z,3,HB_SOUTH,0.5988
2027-01-26T14:00:00Z,1,HB_WEST,0.4671
2027-01-26T14:00:00Z,2,HB_NORTH,0.7474
2027-01-26T14:00:00Z,3,HB_SOUTH,0.6937
2027-01-26T15:00:00Z,1,HB_WEST,0.5263
2027-01-26T15:00:00Z,2,HB_NORTH,0.9583
2027-01-26T15:00:00Z,3,HB_SOUTH,0.821
2027-01-26T16:00:00Z,1,HB_WEST,0.6364
2027-01-26T16:00:00Z,2,HB_NORTH,1.2022
2027-01-26T16:00:00Z,3,HB_SOUTH,0.9914
2027-01-26T17:00:00Z,1,HB_WEST,0.7088
2027-01-26T17:00:00Z,2,HB_NORTH,1.4197
2027-01-26T17:00:00Z,3,HB_SOUTH,1.157
2027-01-26T18:00:00Z,1,HB_WEST,0.8091
2027-01-26T18:00:00Z,2,HB_NORTH,1.5494
2027-01-26T18:00:00Z,3,HB_SOUTH,1.3076
2027-01-26T19:00:00Z,1,HB_WEST,0.8139
2027-01-26T19:00:00Z,2,HB_NORTH,1.6183
2027-01-26T19:00:00Z,3,HB_SOUTH,1.3239
2027-01-26T20:00:00Z,1,HB_WEST,0.7801
2027-01-26T20:00:00Z,2,HB_NORTH,1.6016
2027-01-26T20:00:00Z,3,HB_SOUTH,1.2771
2027-01-26T21:00:00Z,1,HB_WEST,0.7399
2027-01-26T21:00:00Z,2,HB_NORTH,1.4392
2027-01-26T21:00:00Z,3,HB_SOUTH,1.1756
2027-01-26T22:00:00Z,1,HB_WEST,0.648
2027-01-26T22:00:00Z,2,HB_NORTH,1.1995
2027-01-26T22:00:00Z,3,HB_SOUTH,0.992
2027-01-26T23:00:00Z,1,HB_WEST,0.5461
2027-01-26T23:00:00Z,2,HB_NORTH,0.9901
2027-01-26T23:00:00Z,3,HB_SOUTH,0.8532
2027-01-27T00:00:00Z,1,HB_WEST,0.4576
2027-01-27T00:00:00Z,2,HB_NORTH,0.7642
2027-01-27T00:00:00Z,3,HB_SOUTH,0.7078
2027-01-27T01:00:00Z,1,HB_WEST,0.3834
2027-01-27T01:00:00Z,2,HB_NORTH,0.6278
2027-01-27T01:00:00Z,3,HB_SOUTH,0.5983
2027-01-27T02:00:00Z,1,HB_WEST,0.3487
2027-01-27T02:00:00Z,2,HB_NORTH,0.5207
2027-01-27T02:00:00Z,3,HB_SOUTH,0.5239
2027-01-27T03:00:00Z,1,HB_WEST,0.3335
2027-01-27T03:00:00Z,2,HB_NORTH,0.478
2027-01-27T03:00:00Z,3,HB_SOUTH,0.4756
2027-01-27T04:00:00Z,1,HB_WEST,0.3234
2027-01-27T04:00:00Z,2,HB_NORTH,0.4262
2027-01-27T04:00:00Z,3,HB_SOUTH,0.4645
2027-01-27T05:00:00Z,1,HB_WEST,0.3064
2027-01-27T05:00:00Z,2,HB_NORTH,0.4319
2027-01-27T05:00:00Z,3,HB_SOUTH,0.4314
2027-01-27T06:00:00Z,1,HB_WEST,0.3155
2027-01-27T06:00:00Z,2,HB_NORTH,0.4131
2027-01-27T06:00:00Z,3,HB_SOUTH,0.4467
2027-01-27T07:00:00Z,1,HB_WEST,0.3093
2027-01-27T07:00:00Z,2,HB_NORTH,0.4196
2027-01-27T07:00:00Z,3,HB_SOUTH,0.4397
2027-01-27T08:00:00Z,1,HB_WEST,0.3001
2027-01-27T08:00:00Z,2,HB_NORTH,0.4181
2027-01-27T08:00:00Z,3,HB_SOUTH,0.4499
2027-01-27T09:00:00Z,1,HB_WEST,0.3107
2027-01-27T09:00:00Z,2,HB_NORTH,0.41
2027-01-27T09:00:00Z,3,HB_SOUTH,0.447
2027-01-27T10:00:00Z,1,HB_WEST,0.3072
2027-01-27T10:00:00Z,2,HB_NORTH,0.4443
2027-01-27T10:00:00Z,3,HB_SOUTH,0.4394
2027-01-27T11:00:00Z,1,HB_WEST,0.3189
2027-01-27T11:00:00Z,2,HB_NORTH,0.4788
2027-01-27T11:00:00Z,3,HB_SOUTH,0.4714
2027-01-27T12:00:00Z,1,HB_WEST,0.3493
2027-01-27T12:00:00Z,2,HB_NORTH,0.5153
2027-01-27T12:00:00Z,3,HB_SOUTH,0.5242
2027-01-27T13:00:00Z,1,HB_WEST,0.3811
2027-01-27T13:00:00Z,2,HB_NORTH,0.6094
2027-01-27T13:00:00Z,3,HB_SOUTH,0.5802
2027-01-27T14:00:00Z,1,HB_WEST,0.4672
2027-01-27T14:00:00Z,2,HB_NORTH,0.7561
2027-01-27T14:00:00Z,3,HB_SOUTH,0.6795
2027-01-27T15:00:00Z,1,HB_WEST,0.5502
2027-01-27T15:00:00Z,2,HB_NORTH,0.9489
2027-01-27T15:00:00Z,3,HB_SOUTH,0.8353
2027-01-27T16:00:00Z,1,HB_WEST,0.6294
2027-01-27T16:00:00Z,2,HB_NORTH,1.1828
2027-01-27T16:00:00Z,3,HB_SOUTH,0.9774
2027-01-27T17:00:00Z,1,HB_WEST,0.716
2027-01-27T17:00:00Z,2,HB_NORTH,1.4435
2027-01-27T17:00:00Z,3,HB_SOUTH,1.1389
2027-01-27T18:00:00Z,1,HB_WEST,0.7999
2027-01-27T18:00:00Z,2,HB_NORTH,1.5247
2027-01-27T18:00:00Z,3,HB_SOUTH,1.2613
2027-01-27T19:00:00Z,1,HB_WEST,0.8049
2027-01-27T19:00:00Z,2,HB_NORTH,1.6213
2027-01-27T19:00:00Z,3,HB_SOUTH,1.3377
2027-01-27T20:00:00Z,1,HB_WEST,0.7775
2027-01-27T20:00:00Z,2,HB_NORTH,1.5904
2027-01-27T20:00:00Z,3,HB_SOUTH,1.2737
2027-01-27T21:00:00Z,1,HB_WEST,0.7161
2027-01-27T21:00:00Z,2,HB_NORTH,1.4246
2027-01-27T21:00:00Z,3,HB_SOUTH,1.194
2027-01-27T22:00:00Z,1,HB_WEST,0.6426
2027-01-27T22:00:00Z,2,HB_NORTH,1.2014
2027-01-27T22:00:00Z,3,HB_SOUTH,0.9833
2027-01-27T23:00:00Z,1,HB_WEST,0.5376
2027-01-27T23:00:00Z,2,HB_NORTH,0.9413
2027-01-27T23:00:00Z,3,HB_SOUTH,0.8593
2027-01-28T00:00:00Z,1,HB_WEST,0.4626
2027-01-28T00:00:00Z,2,HB_NORTH,0.7495
2027-01-28T00:00:00Z,3,HB_SOUTH,0.6747
2027-01-28T01:00:00Z,1,HB_WEST,0.3907
2027-01-28T01:00:00Z,2,HB_NORTH,0.6231
2027-01-28T01:00:00Z,3,HB_SOUTH,0.5975
2027-01-28T02:00:00Z,1,HB_WEST,0.3465
2027-01-28T02:00:00Z,2,HB_NORTH,0.5132
2027-01-28T02:00:00Z,3,HB_SOUTH,0.5118
2027-01-28T03:00:00Z,1,HB_WEST,0.3301
2027-01-28T03:00:00Z,2,HB_NORTH,0.4551
2027-01-28T03:00:00Z,3,HB_SOUTH,0.4777
2027-01-28T04:00:00Z,1,HB_WEST,0.3247
2027-01-28T04:00:00Z,2,HB_NORTH,0.4397
2027-01-28T04:00:00Z,3,HB_SOUTH,0.4522
2027-01-28T05:00:00Z,1,HB_WEST,0.3026
2027-01-28T05:00:00Z,2,HB_NORTH,0.4113
2027-01-28T05:00:00Z,3,HB_SOUTH,0.4493
2027-01-28T06:00:00Z,1,HB_WEST,0.3102
2027-01-28T06:00:00Z,2,HB_NORTH,0.4181
2027-01-28T06:00:00Z,3,HB_SOUTH,0.4343
2027-01-28T07:00:00Z,1,HB_WEST,0.3154
2027-01-28T07:00:00Z,2,HB_NORTH,0.4187
2027-01-28T07:00:00Z,3,HB_SOUTH,0.4486
2027-01-28T08:00:00Z,1,HB_WEST,0.314
2027-01-28T08:00:00Z,2,HB_NORTH,0.4286
2027-01-28T08:00:00Z,3,HB_SOUTH,0.4477
2027-01-28T09:00:00Z,1,HB_WEST,0.3098
2027-01-28T09:00:00Z,2,HB_NORTH,0.4227
2027-01-28T09:00:00Z,3,HB_SOUTH,0.4356
2027-01-28T10:00:00Z,1,HB_WEST,0.3075
2027-01-28T10:00:00Z,2,HB_NORTH,0.4315
2027-01-28T10:00:00Z,3,HB_SOUTH,0.4646
2027-01-28T11:00:00Z,1,HB_WEST,0.3298
2027-01-28T11:00:00Z,2,HB_NORTH,0.4647
2027-01-28T11:00:00Z,3,HB_SOUTH,0.4867
2027-01-28T12:00:00Z,1,HB_WEST,0.3471
2027-01-28T12:00:00Z,2,HB_NORTH,0.53
2027-01-28T12:00:00Z,3,HB_SOUTH,0.508
2027-01-28T13:00:00Z,1,HB_WEST,0.4003
2027-01-28T13:00:00Z,2,HB_NORTH,0.635
2027-01-28T13:00:00Z,3,HB_SOUTH,0.5695
2027-01-28T14:00:00Z,1,HB_WEST,0.4521
2027-01-28T14:00:00Z,2,HB_NORTH,0.7739
2027-01-28T14:00:00Z,3,HB_SOUTH,0.6792
2027-01-28T15:00:00Z,1,HB_WEST,0.5233
2027-01-28T15:00:00Z,2,HB_NORTH,0.991
2027-01-28T15:00:00Z,3,HB_SOUTH,0.8164
2027-01-28T16:00:00Z,1,HB_WEST,0.6487
2027-01-28T16:00:00Z,2,HB_NORTH,1.1647
2027-01-28T16:00:00Z,3,HB_SOUTH,1.0313
2027-01-28T17:00:00Z,1,HB_WEST,0.7352
2027-01-28T17:00:00Z,2,HB_NORTH,1.4083
2027-01-28T17:00:00Z,3,HB_SOUTH,1.1315
2027-01-28T18:00:00Z,1,HB_WEST,0.7906
2027-01-28T18:00:00Z,2,HB_NORTH,1.5668
2027-01-28T18:00:00Z,3,HB_SOUTH,1.2986
2027-01-28T19:00:00Z,1,HB_WEST,0.7996
2027-01-28T19:00:00Z,2,HB_NORTH,1.5804
2027-01-28T19:00:00Z,3,HB_SOUTH,1.284
2027-01-28T20:00:00Z,1,HB_WEST,0.7788
2027-01-28T20:00:00Z,2,HB_NORTH,1.5966
2027-01-28T20:00:00Z,3,HB_SOUTH,1.2819
2027-01-28T21:00:00Z,1,HB_WEST,0.7379
2027-01-28T21:00:00Z,2,HB_NORTH,1.3902
2027-01-28T21:00:00Z,3,HB_SOUTH,1.1459
2027-01-28T22:00:00Z,1,HB_WEST,0.6186
2027-01-28T22:00:00Z,2,HB_NORTH,1.1994
2027-01-28T22:00:00Z,3,HB_SOUTH,1.0016
2027-01-28T23:00:00Z,1,HB_WEST,0.5223
2027-01-28T23:00:00Z,2,HB_NORTH,0.9882
2027-01-28T23:00:00Z,3,HB_SOUTH,0.8295
2027-01-29T00:00:00Z,1,HB_WEST,0.4503
2027-01-29T00:00:00Z,2,HB_NORTH,0.749
2027-01-29T00:00:00Z,3,HB_SOUTH,0.686
2027-01-29T01:00:00Z,1,HB_WEST,0.3979
2027-01-29T01:00:00Z,2,HB_NORTH,0.6077
2027-01-29T01:00:00Z,3,HB_SOUTH,0.572
2027-01-29T02:00:00Z,1,HB_WEST,0.3618
2027-01-29T02:00:00Z,2,HB_NORTH,0.5161
2027-01-29T02:00:00Z,3,HB_SOUTH,0.5247
2027-01-29T03:00:00Z,1,HB_WEST,0.3257
2027-01-29T03:00:00Z,2,HB_NORTH,0.4567
2027-01-29T03:00:00Z,3,HB_SOUTH,0.4627
2027-01-29T04:00:00Z,1,HB_WEST,0.3161
2027-01-29T04:00:00Z,2,HB_NORTH,0.4327
2027-01-29T04:00:00Z,3,HB_SOUTH,0.4658
2027-01-29T05:00:00Z,1,HB_WEST,0.3166
2027-01-29T05:00:00Z,2,HB_NORTH,0.4244
2027-01-29T05:00:00Z,3,HB_SOUTH,0.4525
2027-01-29T06:00:00Z,1,HB_WEST,0.3043
2027-01-29T06:00:00Z,2,HB_NORTH,0.4111
2027-01-29T06:00:00Z,3,HB_SOUTH,0.4477
2027-01-29T07:00:00Z,1,HB_WEST,0.3114
2027-01-29T07:00:00Z,2,HB_NORTH,0.4267
2027-01-29T07:00:00Z,3,HB_SOUTH,0.4281
2027-01-29T08:00:00Z,1,HB_WEST,0.3001
2027-01-29T08:00:00Z,2,HB_NORTH,0.4291
2027-01-29T08:00:00Z,3,HB_SOUTH,0.4335
2027-01-29T09:00:00Z,1,HB_WEST,0.3016
2027-01-29T09:00:00Z,2,HB_NORTH,0.4166
2027-01-29T09:00:00Z,3,HB_SOUTH,0.4472
2027-01-29T10:00:00Z,1,HB_WEST,0.3098
2027-01-29T10:00:00Z,2,HB_NORTH,0.4269
2027-01-29T10:00:00Z,3,HB_SOUTH,0.4544
2027-01-29T11:00:00Z,1,HB_WEST,0.3237
2027-01-29T11:00:00Z,2,HB_NORTH,0.4645
2027-01-29T11:00:00Z,3,HB_SOUTH,0.4873
2027-01-29T12:00:00Z,1,HB_WEST,0.361
2027-01-29T12:00:00Z,2,HB_NORTH,0.5134
2027-01-29T12:00:00Z,3,HB_SOUTH,0.5197
2027-01-29T13:00:00Z,1,HB_WEST,0.3954
2027-01-29T13:00:00Z,2,HB_NORTH,0.6126
2027-01-29T13:00:00Z,3,HB_SOUTH,0.6029
2027-01-29T14:00:00Z,1,HB_WEST,0.4579
2027-01-29T14:00:00Z,2,HB_NORTH,0.7668
2027-01-29T14:00:00Z,3,HB_SOUTH,0.6851
2027-01-29T15:00:00Z,1,HB_WEST,0.5403
2027-01-29T15:00:00Z,2,HB_NORTH,0.9359
2027-01-29T15:00:00Z,3,HB_SOUTH,0.8322
2027-01-29T16:00:00Z,1,HB_WEST,0.6257
2027-01-29T16:00:00Z,2,HB_NORTH,1.2227
2027-01-29T16:00:00Z,3,HB_SOUTH,1.0074
2027-01-29T17:00:00Z,1,HB_WEST,0.7144
2027-01-29T17:00:00Z,2,HB_NORTH,1.3677
2027-01-29T17:00:00Z,3,HB_SOUTH,1.1313
2027-01-29T18:00:00Z,1,HB_WEST,0.7866
2027-01-29T18:00:00Z,2,HB_NORTH,1.5844
2027-01-29T18:00:00Z,3,HB_SOUTH,1.2427
2027-01-29T19:00:00Z,1,HB_WEST,0.8148
2027-01-29T19:00:00Z,2,HB_NORTH,1.5902
2027-01-29T19:00:00Z,3,HB_SOUTH,1.3114
2027-01-29T20:00:00Z,1,HB_WEST,0.7688
2027-01-29T20:00:00Z,2,HB_NORTH,1.5428
2027-01-29T20:00:00Z,3,HB_SOUTH,1.3109
2027-01-29T21:00:00Z,1,HB_WEST,0.7272
2027-01-29T21:00:00Z,2,HB_NORTH,1.3698
2027-01-29T21:00:00Z,3,HB_SOUTH,1.1468
2027-01-29T22:00:00Z,1,HB_WEST,0.6217
2027-01-29T22:00:00Z,2,HB_NORTH,1.211
2027-01-29T22:00:00Z,3,HB_SOUTH,1.0243
2027-01-29T23:00:00Z,1,HB_WEST,0.5349
2027-01-29T23:00:00Z,2,HB_NORTH,0.9355
2027-01-29T23:00:00Z,3,HB_SOUTH,0.8628
2027-01-30T00:00:00Z,1,HB_WEST,0.3505
2027-01-30T00:00:00Z,2,HB_NORTH,0.5463
2027-01-30T00:00:00Z,3,HB_SOUTH,0.5342
2027-01-30T01:00:00Z,1,HB_WEST,0.3306
2027-01-30T01:00:00Z,2,HB_NORTH,0.4762
2027-01-30T01:00:00Z,3,HB_SOUTH,0.5012
2027-01-30T02:00:00Z,1,HB_WEST,0.3242
2027-01-30T02:00:00Z,2,HB_NORTH,0.4469
2027-01-30T02:00:00Z,3,HB_SOUTH,0.462
2027-01-30T03:00:00Z,1,HB_WEST,0.3146
2027-01-30T03:00:00Z,2,HB_NORTH,0.4314
2027-01-30T03:00:00Z,3,HB_SOUTH,0.438
2027-01-30T04:00:00Z,1,HB_WEST,0.3024
2027-01-30T04:00:00Z,2,HB_NORTH,0.4093
2027-01-30T04:00:00Z,3,HB_SOUTH,0.4483
2027-01-30T05:00:00Z,1,HB_WEST,0.3168
2027-01-30T05:00:00Z,2,HB_NORTH,0.4158
2027-01-30T05:00:00Z,3,HB_SOUTH,0.4467
2027-01-30T06:00:00Z,1,HB_WEST,0.3008
2027-01-30T06:00:00Z,2,HB_NORTH,0.4227
2027-01-30T06:00:00Z,3,HB_SOUTH,0.4445
2027-01-30T07:00:00Z,1,HB_WEST,0.3079
2027-01-30T07:00:00Z,2,HB_NORTH,0.4184
2027-01-30T07:00:00Z,3,HB_SOUTH,0.4265
2027-01-30T08:00:00Z,1,HB_WEST,0.3089
2027-01-30T08:00:00Z,2,HB_NORTH,0.4127
2027-01-30T08:00:00Z,3,HB_SOUTH,0.4473
2027-01-30T09:00:00Z,1,HB_WEST,0.3061
2027-01-30T09:00:00Z,2,HB_NORTH,0.413
2027-01-30T09:00:00Z,3,HB_SOUTH,0.4514
2027-01-30T10:00:00Z,1,HB_WEST,0.3094
2027-01-30T10:00:00Z,2,HB_NORTH,0.4254
2027-01-30T10:00:00Z,3,HB_SOUTH,0.4379
2027-01-30T11:00:00Z,1,HB_WEST,0.312
2027-01-30T11:00:00Z,2,HB_NORTH,0.4383
2027-01-30T11:00:00Z,3,HB_SOUTH,0.4425
2027-01-30T12:00:00Z,1,HB_WEST,0.3285
2027-01-30T12:00:00Z,2,HB_NORTH,0.4524
2027-01-30T12:00:00Z,3,HB_SOUTH,0.4737
2027-01-30T13:00:00Z,1,HB_WEST,0.3417
2027-01-30T13:00:00Z,2,HB_NORTH,0.4839
2027-01-30T13:00:00Z,3,HB_SOUTH,0.4885
2027-01-30T14:00:00Z,1,HB_WEST,0.3529
2027-01-30T14:00:00Z,2,HB_NORTH,0.531
2027-01-30T14:00:00Z,3,HB_SOUTH,0.5128
2027-01-30T15:00:00Z,1,HB_WEST,0.3938
2027-01-30T15:00:00Z,2,HB_NORTH,0.6159
2027-01-30T15:00:00Z,3,HB_SOUTH,0.5906
2027-01-30T16:00:00Z,1,HB_WEST,0.4227
2027-01-30T16:00:00Z,2,HB_NORTH,0.6794
2027-01-30T16:00:00Z,3,HB_SOUTH,0.6459
2027-01-30T17:00:00Z,1,HB_WEST,0.4531
2027-01-30T17:00:00Z,2,HB_NORTH,0.7541
2027-01-30T17:00:00Z,3,HB_SOUTH,0.6925
2027-01-30T18:00:00Z,1,HB_WEST,0.4763
2027-01-30T18:00:00Z,2,HB_NORTH,0.8187
2027-01-30T18:00:00Z,3,HB_SOUTH,0.7515
2027-01-30T19:00:00Z,1,HB_WEST,0.4743
2027-01-30T19:00:00Z,2,HB_NORTH,0.8552
2027-01-30T19:00:00Z,3,HB_SOUTH,0.7405
2027-01-30T20:00:00Z,1,HB_WEST,0.4646
2027-01-30T20:00:00Z,2,HB_NORTH,0.7956
2027-01-30T20:00:00Z,3,HB_SOUTH,0.7383
2027-01-30T21:00:00Z,1,HB_WEST,0.4607
2027-01-30T21:00:00Z,2,HB_NORTH,0.7728
2027-01-30T21:00:00Z,3,HB_SOUTH,0.682
2027-01-30T22:00:00Z,1,HB_WEST,0.423
2027-01-30T22:00:00Z,2,HB_NORTH,0.6977
2027-01-30T22:00:00Z,3,HB_SOUTH,0.6472
2027-01-30T23:00:00Z,1,HB_WEST,0.3916
2027-01-30T23:00:00Z,2,HB_NORTH,0.6026
2027-01-30T23:00:00Z,3,HB_SOUTH,0.562
2027-01-31T00:00:00Z,1,HB_WEST,0.3629
2027-01-31T00:00:00Z,2,HB_NORTH,0.5223
2027-01-31T00:00:00Z,3,HB_SOUTH,0.5318
2027-01-31T01:00:00Z,1,HB_WEST,0.3344
2027-01-31T01:00:00Z,2,HB_NORTH,0.4772
2027-01-31T01:00:00Z,3,HB_SOUTH,0.4976
2027-01-31T02:00:00Z,1,HB_WEST,0.3241
2027-01-31T02:00:00Z,2,HB_NORTH,0.4546
2027-01-31T02:00:00Z,3,HB_SOUTH,0.4568
2027-01-31T03:00:00Z,1,HB_WEST,0.3162
2027-01-31T03:00:00Z,2,HB_NORTH,0.4253
2027-01-31T03:00:00Z,3,HB_SOUTH,0.4485
2027-01-31T04:00:00Z,1,HB_WEST,0.3193
2027-01-31T04:00:00Z,2,HB_NORTH,0.419
2027-01-31T04:00:00Z,3,HB_SOUTH,0.4503
2027-01-31T05:00:00Z,1,HB_WEST,0.2992
2027-01-31T05:00:00Z,2,HB_NORTH,0.4144
2027-01-31T05:00:00Z,3,HB_SOUTH,0.4381
2027-01-31T06:00:00Z,1,HB_WEST,0.3066
2027-01-31T06:00:00Z,2,HB_NORTH,0.4207
2027-01-31T06:00:00Z,3,HB_SOUTH,0.4313
2027-01-31T07:00:00Z,1,HB_WEST,0.3036
2027-01-31T07:00:00Z,2,HB_NORTH,0.4208
2027-01-31T07:00:00Z,3,HB_SOUTH,0.4405
2027-01-31T08:00:00Z,1,HB_WEST,0.3039
2027-01-31T08:00:00Z,2,HB_NORTH,0.4066
2027-01-31T08:00:00Z,3,HB_SOUTH,0.4335
2027-01-31T09:00:00Z,1,HB_WEST,0.308
2027-01-31T09:00:00Z,2,HB_NORTH,0.4151
2027-01-31T09:00:00Z,3,HB_SOUTH,0.436
2027-01-31T10:00:00Z,1,HB_WEST,0.3189
2027-01-31T10:00:00Z,2,HB_NORTH,0.4249
2027-01-31T10:00:00Z,3,HB_SOUTH,0.443
2027-01-31T11:00:00Z,1,HB_WEST,0.3104
2027-01-31T11:00:00Z,2,HB_NORTH,0.436
2027-01-31T11:00:00Z,3,HB_SOUTH,0.4485
2027-01-31T12:00:00Z,1,HB_WEST,0.3182
2027-01-31T12:00:00Z,2,HB_NORTH,0.4501
2027-01-31T12:00:00Z,3,HB_SOUTH,0.4528
2027-01-31T13:00:00Z,1,HB_WEST,0.3461
2027-01-31T13:00:00Z,2,HB_NORTH,0.483
2027-01-31T13:00:00Z,3,HB_SOUTH,0.4781
2027-01-31T14:00:00Z,1,HB_WEST,0.3582
2027-01-31T14:00:00Z,2,HB_NORTH,0.5221
2027-01-31T14:00:00Z,3,HB_SOUTH,0.5208
2027-01-31T15:00:00Z,1,HB_WEST,0.3927
2027-01-31T15:00:00Z,2,HB_NORTH,0.6082
2027-01-31T15:00:00Z,3,HB_SOUTH,0.5748
2027-01-31T16:00:00Z,1,HB_WEST,0.4103
2027-01-31T16:00:00Z,2,HB_NORTH,0.6965
2027-01-31T16:00:00Z,3,HB_SOUTH,0.6327
2027-01-31T17:00:00Z,1,HB_WEST,0.4474
2027-01-31T17:00:00Z,2,HB_NORTH,0.7562
2027-01-31T17:00:00Z,3,HB_SOUTH,0.6983
2027-01-31T18:00:00Z,1,HB_WEST,0.4692
2027-01-31T18:00:00Z,2,HB_NORTH,0.8228
2027-01-31T18:00:00Z,3,HB_SOUTH,0.7306
2027-01-31T19:00:00Z,1,HB_WEST,0.4808
2027-01-31T19:00:00Z,2,HB_NORTH,0.8534
2027-01-31T19:00:00Z,3,HB_SOUTH,0.7532
2027-01-31T20:00:00Z,1,HB_WEST,0.4793
2027-01-31T20:00:00Z,2,HB_NORTH,0.8193
2027-01-31T20:00:00Z,3,HB_SOUTH,0.7178
2027-01-31T21:00:00Z,1,HB_WEST,0.4417
2027-01-31T21:00:00Z,2,HB_NORTH,0.7823
2027-01-31T21:00:00Z,3,HB_SOUTH,0.6906
2027-01-31T22:00:00Z,1,HB_WEST,0.4184
2027-01-31T22:00:00Z,2,HB_NORTH,0.6904
2027-01-31T22:00:00Z,3,HB_SOUTH,0.6179
2027-01-31T23:00:00Z,1,HB_WEST,0.3821
2027-01-31T23:00:00Z,2,HB_NORTH,0.5929
2027-01-31T23:00:00Z,3,HB_SOUTH,0.5737
2027-02-01T00:00:00Z,1,HB_WEST,0.4589
2027-02-01T00:00:00Z,2,HB_NORTH,0.7785
2027-02-01T00:00:00Z,3,HB_SOUTH,0.6823
2027-02-01T01:00:00Z,1,HB_WEST,0.3835
2027-02-01T01:00:00Z,2,HB_NORTH,0.6181
2027-02-01T01:00:00Z,3,HB_SOUTH,0.5951
2027-02-01T02:00:00Z,1,HB_WEST,0.3605
2027-02-01T02:00:00Z,2,HB_NORTH,0.5241
2027-02-01T02:00:00Z,3,HB_SOUTH,0.503
2027-02-01T03:00:00Z,1,HB_WEST,0.3237
2027-02-01T03:00:00Z,2,HB_NORTH,0.4699
2027-02-01T03:00:00Z,3,HB_SOUTH,0.4835
2027-02-01T04:00:00Z,1,HB_WEST,0.3204
2027-02-01T04:00:00Z,2,HB_NORTH,0.4482
2027-02-01T04:00:00Z,3,HB_SOUTH,0.4473
2027-02-01T05:00:00Z,1,HB_WEST,0.3179
2027-02-01T05:00:00Z,2,HB_NORTH,0.4281
2027-02-01T05:00:00Z,3,HB_SOUTH,0.4374
2027-02-01T06:00:00Z,1,HB_WEST,0.3068
2027-02-01T06:00:00Z,2,HB_NORTH,0.4098
2027-02-01T06:00:00Z,3,HB_SOUTH,0.439
2027-02-01T07:00:00Z,1,HB_WEST,0.3067
2027-02-01T07:00:00Z,2,HB_NORTH,0.4265
2027-02-01T07:00:00Z,3,HB_SOUTH,0.4263
2027-02-01T08:00:00Z,1,HB_WEST,0.3126
2027-02-01T08:00:00Z,2,HB_NORTH,0.4265
2027-02-01T08:00:00Z,3,HB_SOUTH,0.4438
2027-02-01T09:00:00Z,1,HB_WEST,0.319
2027-02-01T09:00:00Z,2,HB_NORTH,0.4129
2027-02-01T09:00:00Z,3,HB_SOUTH,0.4463
2027-02-01T10:00:00Z,1,HB_WEST,0.3152
2027-02-01T10:00:00Z,2,HB_NORTH,0.4441
2027-02-01T10:00:00Z,3,HB_SOUTH,0.4454
2027-02-01T11:00:00Z,1,HB_WEST,0.3271
2027-02-01T11:00:00Z,2,HB_NORTH,0.4577
2027-02-01T11:00:00Z,3,HB_SOUTH,0.487
2027-02-01T12:00:00Z,1,HB_WEST,0.3506
2027-02-01T12:00:00Z,2,HB_NORTH,0.5299
2027-02-01T12:00:00Z,3,HB_SOUTH,0.5061
2027-02-01T13:00:00Z,1,HB_WEST,0.4001
2027-02-01T13:00:00Z,2,HB_NORTH,0.6064
2027-02-01T13:00:00Z,3,HB_SOUTH,0.5752
2027-02-01T14:00:00Z,1,HB_WEST,0.4614
2027-02-01T14:00:00Z,2,HB_NORTH,0.7744
2027-02-01T14:00:00Z,3,HB_SOUTH,0.707
2027-02-01T15:00:00Z,1,HB_WEST,0.5372
2027-02-01T15:00:00Z,2,HB_NORTH,0.9499
2027-02-01T15:00:00Z,3,HB_SOUTH,0.832
2027-02-01T16:00:00Z,1,HB_WEST,0.6352
2027-02-01T16:00:00Z,2,HB_NORTH,1.1731
2027-02-01T16:00:00Z,3,HB_SOUTH,1.026
2027-02-01T17:00:00Z,1,HB_WEST,0.7312
2027-02-01T17:00:00Z,2,HB_NORTH,1.4468
2027-02-01T17:00:00Z,3,HB_SOUTH,1.1708
2027-02-01T18:00:00Z,1,HB_WEST,0.7723
2027-02-01T18:00:00Z,2,HB_NORTH,1.5213
2027-02-01T18:00:00Z,3,HB_SOUTH,1.3112
2027-02-01T19:00:00Z,1,HB_WEST,0.7982
2027-02-01T19:00:00Z,2,HB_NORTH,1.6412
2027-02-01T19:00:00Z,3,HB_SOUTH,1.3459
2027-02-01T20:00:00Z,1,HB_WEST,0.7722
2027-02-01T20:00:00Z,2,HB_NORTH,1.5518
2027-02-01T20:00:00Z,3,HB_SOUTH,1.2942
2027-02-01T21:00:00Z,1,HB_WEST,0.7294
2027-02-01T21:00:00Z,2,HB_NORTH,1.3854
2027-02-01T21:00:00Z,3,HB_SOUTH,1.1675
2027-02-01T22:00:00Z,1,HB_WEST,0.6451
2027-02-01T22:00:00Z,2,HB_NORTH,1.2159
2027-02-01T22:00:00Z,3,HB_SOUTH,1.0086
2027-02-01T23:00:00Z,1,HB_WEST,0.5349
2027-02-01T23:00:00Z,2,HB_NORTH,0.9776
2027-02-01T23:00:00Z,3,HB_SOUTH,0.8266
2027-02-02T00:00:00Z,1,HB_WEST,0.4571
2027-02-02T00:00:00Z,2,HB_NORTH,0.7741
2027-02-02T00:00:00Z,3,HB_SOUTH,0.6782
2027-02-02T01:00:00Z,1,HB_WEST,0.3952
2027-02-02T01:00:00Z,2,HB_NORTH,0.6118
2027-02-02T01:00:00Z,3,HB_SOUTH,0.5996
2027-02-02T02:00:00Z,1,HB_WEST,0.352
2027-02-02T02:00:00Z,2,HB_NORTH,0.5061
2027-02-02T02:00:00Z,3,HB_SOUTH,0.5276
2027-02-02T03:00:00Z,1,HB_WEST,0.3319
2027-02-02T03:00:00Z,2,HB_NORTH,0.4538
2027-02-02T03:00:00Z,3,HB_SOUTH,0.4743
2027-02-02T04:00:00Z,1,HB_WEST,0.3096
2027-02-02T04:00:00Z,2,HB_NORTH,0.4283
2027-02-02T04:00:00Z,3,HB_SOUTH,0.4504
2027-02-02T05:00:00Z,1,HB_WEST,0.3038
2027-02-02T05:00:00Z,2,HB_NORTH,0.4148
2027-02-02T05:00:00Z,3,HB_SOUTH,0.4509
2027-02-02T06:00:00Z,1,HB_WEST,0.3161
2027-02-02T06:00:00Z,2,HB_NORTH,0.4248
2027-02-02T06:00:00Z,3,HB_SOUTH,0.4409
2027-02-02T07:00:00Z,1,HB_WEST,0.314
2027-02-02T07:00:00Z,2,HB_NORTH,0.4232
2027-02-02T07:00:00Z,3,HB_SOUTH,0.4375
2027-02-02T08:00:00Z,1,HB_WEST,0.3144
2027-02-02T08:00:00Z,2,HB_NORTH,0.4288
2027-02-02T08:00:00Z,3,HB_SOUTH,0.4264
2027-02-02T09:00:00Z,1,HB_WEST,0.3049
2027-02-02T09:00:00Z,2,HB_NORTH,0.4274
2027-02-02T09:00:00Z,3,HB_SOUTH,0.4556
2027-02-02T10:00:00Z,1,HB_WEST,0.3169
2027-02-02T10:00:00Z,2,HB_NORTH,0.4482
2027-02-02T10:00:00Z,3,HB_SOUTH,0.4439
2027-02-02T11:00:00Z,1,HB_WEST,0.338
2027-02-02T11:00:00Z,2,HB_NORTH,0.469
2027-02-02T11:00:00Z,3,HB_SOUTH,0.4746
2027-02-02T12:00:00Z,1,HB_WEST,0.3531
2027-02-02T12:00:00Z,2,HB_NORTH,0.5127
2027-02-02T12:00:00Z,3,HB_SOUTH,0.5261
2027-02-02T13:00:00Z,1,HB_WEST,0.3911
2027-02-02T13:00:00Z,2,HB_NORTH,0.6198
2027-02-02T13:00:00Z,3,HB_SOUTH,0.5734
2027-02-02T14:00:00Z,1,HB_WEST,0.4566
2027-02-02T14:00:00Z,2,HB_NORTH,0.752
2027-02-02T14:00:00Z,3,HB_SOUTH,0.7128
2027-02-02T15:00:00Z,1,HB_WEST,0.542
2027-02-02T15:00:00Z,2,HB_NORTH,0.9375
2027-02-02T15:00:00Z,3,HB_SOUTH,0.8447
2027-02-02T16:00:00Z,1,HB_WEST,0.6318
2027-02-02T16:00:00Z,2,HB_NORTH,1.1728
2027-02-02T16:00:00Z,3,HB_SOUTH,0.9823
2027-02-02T17:00:00Z,1,HB_WEST,0.7032
2027-02-02T17:00:00Z,2,HB_NORTH,1.3933
2027-02-02T17:00:00Z,3,HB_SOUTH,1.1494
2027-02-02T18:00:00Z,1,HB_WEST,0.8037
2027-02-02T18:00:00Z,2,HB_NORTH,1.5866
2027-02-02T18:00:00Z,3,HB_SOUTH,1.3034
2027-02-02T19:00:00Z,1,HB_WEST,0.7974
2027-02-02T19:00:00Z,2,HB_NORTH,1.618
2027-02-02T19:00:00Z,3,HB_SOUTH,1.3172
2027-02-02T20:00:00Z,1,HB_WEST,0.7766
2027-02-02T20:00:00Z,2,HB_NORTH,1.585
2027-02-02T20:00:00Z,3,HB_SOUTH,1.2996
2027-02-02T21:00:00Z,1,HB_WEST,0.6995
2027-02-02T21:00:00Z,2,HB_NORTH,1.4428
2027-02-02T21:00:00Z,3,HB_SOUTH,1.1575
2027-02-02T22:00:00Z,1,HB_WEST,0.6444
2027-02-02T22:00:00Z,2,HB_NORTH,1.1624
2027-02-02T22:00:00Z,3,HB_SOUTH,1.0104
2027-02-02T23:00:00Z,1,HB_WEST,0.5226
2027-02-02T23:00:00Z,2,HB_NORTH,0.9719
2027-02-02T23:00:00Z,3,HB_SOUTH,0.8345
2027-02-03T00:00:00Z,1,HB_WEST,0.4631
2027-02-03T00:00:00Z,2,HB_NORTH,0.7555
2027-02-03T00:00:00Z,3,HB_SOUTH,0.6927
2027-02-03T01:00:00Z,1,HB_WEST,0.3962
2027-02-03T01:00:00Z,2,HB_NORTH,0.609
2027-02-03T01:00:00Z,3,HB_SOUTH,0.5721
2027-02-03T02:00:00Z,1,HB_WEST,0.3421
2027-02-03T02:00:00Z,2,HB_NORTH,0.5159
2027-02-03T02:00:00Z,3,HB_SOUTH,0.5175
2027-02-03T03:00:00Z,1,HB_WEST,0.3367
2027-02-03T03:00:00Z,2,HB_NORTH,0.4609
2027-02-03T03:00:00Z,3,HB_SOUTH,0.4865
2027-02-03T04:00:00Z,1,HB_WEST,0.3175
2027-02-03T04:00:00Z,2,HB_NORTH,0.4331
2027-02-03T04:00:00Z,3,HB_SOUTH,0.4401
2027-02-03T05:00:00Z,1,HB_WEST,0.3163
2027-02-03T05:00:00Z,2,HB_NORTH,0.4134
2027-02-03T05:00:00Z,3,HB_SOUTH,0.445
2027-02-03T06:00:00Z,1,HB_WEST,0.3072
2027-02-03T06:00:00Z,2,HB_NORTH,0.4148
2027-02-03T06:00:00Z,3,HB_SOUTH,0.4466
2027-02-03T07:00:00Z,1,HB_WEST,0.3083
2027-02-03T07:00:00Z,2,HB_NORTH,0.4178
2027-02-03T07:00:00Z,3,HB_SOUTH,0.4485
2027-02-03T08:00:00Z,1,HB_WEST,0.3092
2027-02-03T08:00:00Z,2,HB_NORTH,0.4144
2027-02-03T08:00:00Z,3,HB_SOUTH,0.4477
2027-02-03T09:00:00Z,1,HB_WEST,0.3053
2027-02-03T09:00:00Z,2,HB_NORTH,0.4318
2027-02-03T09:00:00Z,3,HB_SOUTH,0.4436
2027-02-03T10:00:00Z,1,HB_WEST,0.3103
2027-02-03T10:00:00Z,2,HB_NORTH,0.4316
2027-02-03T10:00:00Z,3,HB_SOUTH,0.4459
2027-02-03T11:00:00Z,1,HB_WEST,0.334
2027-02-03T11:00:00Z,2,HB_NORTH,0.4547
2027-02-03T11:00:00Z,3,HB_SOUTH,0.4688
2027-02-03T12:00:00Z,1,HB_WEST,0.349
2027-02-03T12:00:00Z,2,HB_NORTH,0.5134
2027-02-03T12:00:00Z,3,HB_SOUTH,0.5285
2027-02-03T13:00:00Z,1,HB_WEST,0.4027
2027-02-03T13:00:00Z,2,HB_NORTH,0.6273
2027-02-03T13:00:00Z,3,HB_SOUTH,0.5851
2027-02-03T14:00:00Z,1,HB_WEST,0.4546
2027-02-03T14:00:00Z,2,HB_NORTH,0.7846
2027-02-03T14:00:00Z,3,HB_SOUTH,0.6847
2027-02-03T15:00:00Z,1,HB_WEST,0.5331
2027-02-03T15:00:00Z,2,HB_NORTH,0.9448
2027-02-03T15:00:00Z,3,HB_SOUTH,0.8437
2027-02-03T16:00:00Z,1,HB_WEST,0.6361
2027-02-03T16:00:00Z,2,HB_NORTH,1.1714
2027-02-03T16:00:00Z,3,HB_SOUTH,0.9801
2027-02-03T17:00:00Z,1,HB_WEST,0.7301
2027-02-03T17:00:00Z,2,HB_NORTH,1.3946
2027-02-03T17:00:00Z,3,HB_SOUTH,1.1486
2027-02-03T18:00:00Z,1,HB_WEST,0.8011
2027-02-03T18:00:00Z,2,HB_NORTH,1.5347
2027-02-03T18:00:00Z,3,HB_SOUTH,1.3025
2027-02-03T19:00:00Z,1,HB_WEST,0.8204
2027-02-03T19:00:00Z,2,HB_NORTH,1.6682
2027-02-03T19:00:00Z,3,HB_SOUTH,1.3119
2027-02-03T20:00:00Z,1,HB_WEST,0.7891
2027-02-03T20:00:00Z,2,HB_NORTH,1.5377
2027-02-03T20:00:00Z,3,HB_SOUTH,1.315
2027-02-03T21:00:00Z,1,HB_WEST,0.7324
2027-02-03T21:00:00Z,2,HB_NORTH,1.3969
2027-02-03T21:00:00Z,3,HB_SOUTH,1.1771
2027-02-03T22:00:00Z,1,HB_WEST,0.6153
2027-02-03T22:00:00Z,2,HB_NORTH,1.1624
2027-02-03T22:00:00Z,3,HB_SOUTH,0.9815
2027-02-03T23:00:00Z,1,HB_WEST,0.5202
2027-02-03T23:00:00Z,2,HB_NORTH,0.9807
2027-02-03T23:00:00Z,3,HB_SOUTH,0.8156
2027-02-04T00:00:00Z,1,HB_WEST,0.465
2027-02-04T00:00:00Z,2,HB_NORTH,0.7434
2027-02-04T00:00:00Z,3,HB_SOUTH,0.6962
2027-02-04T01:00:00Z,1,HB_WEST,0.3901
2027-02-04T01:00:00Z,2,HB_NORTH,0.6054
2027-02-04T01:00:00Z,3,HB_SOUTH,0.5693
2027-02-04T02:00:00Z,1,HB_WEST,0.3536
2027-02-04T02:00:00Z,2,HB_NORTH,0.5292
2027-02-04T02:00:00Z,3,HB_SOUTH,0.52
2027-02-04T03:00:00Z,1,HB_WEST,0.3213
2027-02-04T03:00:00Z,2,HB_NORTH,0.467
2027-02-04T03:00:00Z,3,HB_SOUTH,0.4674
2027-02-04T04:00:00Z,1,HB_WEST,0.3113
2027-02-04T04:00:00Z,2,HB_NORTH,0.4297
2027-02-04T04:00:00Z,3,HB_SOUTH,0.446
2027-02-04T05:00:00Z,2,HB_NORTH,0.4346
2027-02-04T05:00:00Z,3,HB_SOUTH,0.4518
2027-02-04T06:00:00Z,2,HB_NORTH,0.4235
2027-02-04T06:00:00Z,3,HB_SOUTH,0.4392
2027-02-04T07:00:00Z,2,HB_NORTH,0.4126
2027-02-04T07:00:00Z,3,HB_SOUTH,0.4305
2027-02-04T08:00:00Z,2,HB_NORTH,0.4116
2027-02-04T08:00:00Z,3,HB_SOUTH,0.4506
2027-02-04T09:00:00Z,2,HB_NORTH,0.4262
2027-02-04T09:00:00Z,3,HB_SOUTH,0.4423
2027-02-04T10:00:00Z,2,HB_NORTH,0.438
2027-02-04T10:00:00Z,3,HB_SOUTH,0.4499
2027-02-04T11:00:00Z,2,HB_NORTH,0.4705
2027-02-04T11:00:00Z,3,HB_SOUTH,0.4631
2027-02-04T12:00:00Z,2,HB_NORTH,0.5279
2027-02-04T12:00:00Z,3,HB_SOUTH,0.5188
2027-02-04T13:00:00Z,2,HB_NORTH,0.6313
2027-02-04T13:00:00Z,3,HB_SOUTH,0.5756
2027-02-04T14:00:00Z,2,HB_NORTH,0.7605
2027-02-04T14:00:00Z,3,HB_SOUTH,0.7081
2027-02-04T15:00:00Z,2,HB_NORTH,0.9548
2027-02-04T15:00:00Z,3,HB_SOUTH,0.8548
2027-02-04T16:00:00Z,2,HB_NORTH,1.1871
2027-02-04T16:00:00Z,3,HB_SOUTH,1.0112
2027-02-04T17:00:00Z,2,HB_NORTH,1.4309
2027-02-04T17:00:00Z,3,HB_SOUTH,1.1922
2027-02-04T18:00:00Z,2,HB_NORTH,1.5935
2027-02-04T18:00:00Z,3,HB_SOUTH,1.3126
2027-02-04T19:00:00Z,2,HB_NORTH,1.6612
2027-02-04T19:00:00Z,3,HB_SOUTH,1.283
2027-02-04T20:00:00Z,2,HB_NORTH,1.5591
2027-02-04T20:00:00Z,3,HB_SOUTH,1.2833
2027-02-04T21:00:00Z,2,HB_NORTH,1.3799
2027-02-04T21:00:00Z,3,HB_SOUTH,1.1819
2027-02-04T22:00:00Z,2,HB_NORTH,1.2037
2027-02-04T22:00:00Z,3,HB_SOUTH,1.0104
2027-02-04T23:00:00Z,2,HB_NORTH,0.9359
2027-02-04T23:00:00Z,3,HB_SOUTH,0.834
2027-02-05T00:00:00Z,2,HB_NORTH,0.7671
2027-02-05T00:00:00Z,3,HB_SOUTH,0.7095
2027-02-05T01:00:00Z,2,HB_NORTH,0.6051
2027-02-05T01:00:00Z,3,HB_SOUTH,0.5787
2027-02-05T02:00:00Z,2,HB_NORTH,0.5308
2027-02-05T02:00:00Z,3,HB_SOUTH,0.5265
2027-02-05T03:00:00Z,2,HB_NORTH,0.4648
2027-02-05T03:00:00Z,3,HB_SOUTH,0.4672
2027-02-05T04:00:00Z,2,HB_NORTH,0.427
2027-02-05T04:00:00Z,3,HB_SOUTH,0.4571
2027-02-05T05:00:00Z,2,HB_NORTH,0.4167
2027-02-05T05:00:00Z,3,HB_SOUTH,0.431
2027-02-05T06:00:00Z,2,HB_NORTH,0.4192
2027-02-05T06:00:00Z,3,HB_SOUTH,0.4239
2027-02-05T07:00:00Z,2,HB_NORTH,0.4057
2027-02-05T07:00:00Z,3,HB_SOUTH,0.436
2027-02-05T08:00:00Z,2,HB_NORTH,0.4224
2027-02-05T08:00:00Z,3,HB_SOUTH,0.4343
2027-02-05T09:00:00Z,2,HB_NORTH,0.4106
2027-02-05T09:00:00Z,3,HB_SOUTH,0.4405
2027-02-05T10:00:00Z,2,HB_NORTH,0.4259
2027-02-05T10:00:00Z,3,HB_SOUTH,0.4612
2027-02-05T11:00:00Z,2,HB_NORTH,0.4578
2027-02-05T11:00:00Z,3,HB_SOUTH,0.4854
2027-02-05T12:00:00Z,2,HB_NORTH,0.5067
2027-02-05T12:00:00Z,3,HB_SOUTH,0.5142
2027-02-05T13:00:00Z,2,HB_NORTH,0.6006
2027-02-05T13:00:00Z,3,HB_SOUTH,0.6005
2027-02-05T14:00:00Z,2,HB_NORTH,0.7432
2027-02-05T14:00:00Z,3,HB_SOUTH,0.6837
2027-02-05T15:00:00Z,2,HB_NORTH,0.9835
2027-02-05T15:00:00Z,3,HB_SOUTH,0.8372
2027-02-05T16:00:00Z,2,HB_NORTH,1.1983
2027-02-05T16:00:00Z,3,HB_SOUTH,0.9919
2027-02-05T17:00:00Z,2,HB_NORTH,1.4145
2027-02-05T17:00:00Z,3,HB_SOUTH,1.1635
2027-02-05T18:00:00Z,2,HB_NORTH,1.5915
2027-02-05T18:00:00Z,3,HB_SOUTH,1.2489
2027-02-05T19:00:00Z,2,HB_NORTH,1.6212
2027-02-05T19:00:00Z,3,HB_SOUTH,1.3014
2027-02-05T20:00:00Z,2,HB_NORTH,1.5622
2027-02-05T20:00:00Z,3,HB_SOUTH,1.3072
2027-02-05T21:00:00Z,2,HB_NORTH,1.3982
2027-02-05T21:00:00Z,3,HB_SOUTH,1.1371
2027-02-05T22:00:00Z,2,HB_NORTH,1.1558
2027-02-05T22:00:00Z,3,HB_SOUTH,0.9946
2027-02-05T23:00:00Z,2,HB_NORTH,0.9622
2027-02-05T23:00:00Z,3,HB_SOUTH,0.8208
2027-02-06T00:00:00Z,2,HB_NORTH,0.542
2027-02-06T00:00:00Z,3,HB_SOUTH,0.5138
2027-02-06T01:00:00Z,2,HB_NORTH,0.4931
2027-02-06T01:00:00Z,3,HB_SOUTH,0.477
2027-02-06T02:00:00Z,2,HB_NORTH,0.4423
2027-02-06T02:00:00Z,3,HB_SOUTH,0.4674
2027-02-06T03:00:00Z,2,HB_NORTH,0.4253
2027-02-06T03:00:00Z,3,HB_SOUTH,0.458
2027-02-06T04:00:00Z,2,HB_NORTH,0.4092
2027-02-06T04:00:00Z,3,HB_SOUTH,0.4452
2027-02-06T05:00:00Z,2,HB_NORTH,0.4135
2027-02-06T05:00:00Z,3,HB_SOUTH,0.4322
2027-02-06T06:00:00Z,2,HB_NORTH,0.4049
2027-02-06T06:00:00Z,3,HB_SOUTH,0.4464
2027-02-06T07:00:00Z,2,HB_NORTH,0.4059
2027-02-06T07:00:00Z,3,HB_SOUTH,0.4426
2027-02-06T08:00:00Z,2,HB_NORTH,0.4224
2027-02-06T08:00:00Z,3,HB_SOUTH,0.4344
2027-02-06T09:00:00Z,2,HB_NORTH,0.406
2027-02-06T09:00:00Z,3,HB_SOUTH,0.4353
2027-02-06T10:00:00Z,2,HB_NORTH,0.4094
2027-02-06T10:00:00Z,3,HB_SOUTH,0.4463
2027-02-06T11:00:00Z,2,HB_NORTH,0.4258
2027-02-06T11:00:00Z,3,HB_SOUTH,0.4596
2027-02-06T12:00:00Z,2,HB_NORTH,0.4469
2027-02-06T12:00:00Z,3,HB_SOUTH,0.4744
2027-02-06T13:00:00Z,2,HB_NORTH,0.473
2027-02-06T13:00:00Z,3,HB_SOUTH,0.4745
2027-02-06T14:00:00Z,2,HB_NORTH,0.5288
2027-02-06T14:00:00Z,3,HB_SOUTH,0.5282
2027-02-06T15:00:00Z,2,HB_NORTH,0.6011
2027-02-06T15:00:00Z,3,HB_SOUTH,0.563
2027-02-06T16:00:00Z,2,HB_NORTH,0.6913
2027-02-06T16:00:00Z,3,HB_SOUTH,0.6366
2027-02-06T17:00:00Z,2,HB_NORTH,0.7476
2027-02-06T17:00:00Z,3,HB_SOUTH,0.7086
2027-02-06T18:00:00Z,2,HB_NORTH,0.8182
2027-02-06T18:00:00Z,3,HB_SOUTH,0.7489
2027-02-06T19:00:00Z,2,HB_NORTH,0.8202
2027-02-06T19:00:00Z,3,HB_SOUTH,0.7369
2027-02-06T20:00:00Z,2,HB_NORTH,0.8274
2027-02-06T20:00:00Z,3,HB_SOUTH,0.7408
2027-02-06T21:00:00Z,2,HB_NORTH,0.7495
2027-02-06T21:00:00Z,3,HB_SOUTH,0.6814
2027-02-06T22:00:00Z,2,HB_NORTH,0.7026
2027-02-06T22:00:00Z,3,HB_SOUTH,0.6423
2027-02-06T23:00:00Z,2,HB_NORTH,0.6113
2027-02-06T23:00:00Z,3,HB_SOUTH,0.569
2027-02-07T00:00:00Z,2,HB_NORTH,0.5327
2027-02-07T00:00:00Z,3,HB_SOUTH,0.5398
2027-02-07T01:00:00Z,2,HB_NORTH,0.4715
2027-02-07T01:00:00Z,3,HB_SOUTH,0.5011
2027-02-07T02:00:00Z,2,HB_NORTH,0.4505
2027-02-07T02:00:00Z,3,HB_SOUTH,0.4717
2027-02-07T03:00:00Z,2,HB_NORTH,0.4346
2027-02-07T03:00:00Z,3,HB_SOUTH,0.4367
2027-02-07T04:00:00Z,2,HB_NORTH,0.4225
2027-02-07T04:00:00Z,3,HB_SOUTH,0.4404
2027-02-07T05:00:00Z,2,HB_NORTH,0.4094
2027-02-07T05:00:00Z,3,HB_SOUTH,0.4384
2027-02-07T06:00:00Z,2,HB_NORTH,0.4175
2027-02-07T06:00:00Z,3,HB_SOUTH,0.4346
2027-02-07T07:00:00Z,2,HB_NORTH,0.4159
2027-02-07T07:00:00Z,3,HB_SOUTH,0.4425
2027-02-07T08:00:00Z,2,HB_NORTH,0.4237
2027-02-07T08:00:00Z,3,HB_SOUTH,0.4247
2027-02-07T09:00:00Z,2,HB_NORTH,0.4249
2027-02-07T09:00:00Z,3,HB_SOUTH,0.451
2027-02-07T10:00:00Z,2,HB_NORTH,0.4165
2027-02-07T10:00:00Z,3,HB_SOUTH,0.4506
2027-02-07T11:00:00Z,2,HB_NORTH,0.4258
2027-02-07T11:00:00Z,3,HB_SOUTH,0.4449
2027-02-07T12:00:00Z,2,HB_NORTH,0.4594
2027-02-07T12:00:00Z,3,HB_SOUTH,0.4657
2027-02-07T13:00:00Z,2,HB_NORTH,0.49
2027-02-07T13:00:00Z,3,HB_SOUTH,0.489
2027-02-07T14:00:00Z,2,HB_NORTH,0.5463
2027-02-07T14:00:00Z,3,HB_SOUTH,0.5292
2027-02-07T15:00:00Z,2,HB_NORTH,0.5991
2027-02-07T15:00:00Z,3,HB_SOUTH,0.5683
2027-02-07T16:00:00Z,2,HB_NORTH,0.6764
2027-02-07T16:00:00Z,3,HB_SOUTH,0.6436
2027-02-07T17:00:00Z,2,HB_NORTH,0.7632
2027-02-07T17:00:00Z,3,HB_SOUTH,0.6941
2027-02-07T18:00:00Z,2,HB_NORTH,0.8243
2027-02-07T18:00:00Z,3,HB_SOUTH,0.7344
2027-02-07T19:00:00Z,2,HB_NORTH,0.8587
2027-02-07T19:00:00Z,3,HB_SOUTH,0.7444
2027-02-07T20:00:00Z,2,HB_NORTH,0.8369
2027-02-07T20:00:00Z,3,HB_SOUTH,0.7428
2027-02-07T21:00:00Z,2,HB_NORTH,0.7446
2027-02-07T21:00:00Z,3,HB_SOUTH,0.6954
2027-02-07T22:00:00Z,2,HB_NORTH,0.6859
2027-02-07T22:00:00Z,3,HB_SOUTH,0.6385
2027-02-07T23:00:00Z,2,HB_NORTH,0.6236
2027-02-07T23:00:00Z,3,HB_SOUTH,0.5841
2027-02-08T00:00:00Z,3,HB_SOUTH,0.7131
2027-02-08T01:00:00Z,3,HB_SOUTH,0.5765
2027-02-08T02:00:00Z,3,HB_SOUTH,0.5273
2027-02-08T03:00:00Z,3,HB_SOUTH,0.4877
2027-02-08T04:00:00Z,3,HB_SOUTH,0.4408
2027-02-08T05:00:00Z,3,HB_SOUTH,0.4448
2027-02-08T06:00:00Z,3,HB_SOUTH,0.4479
2027-02-08T07:00:00Z,3,HB_SOUTH,0.4444
2027-02-08T08:00:00Z,3,HB_SOUTH,0.4496
2027-02-08T09:00:00Z,3,HB_SOUTH,0.4369
2027-02-08T10:00:00Z,3,HB_SOUTH,0.4586
2027-02-08T11:00:00Z,3,HB_SOUTH,0.4765
2027-02-08T12:00:00Z,3,HB_SOUTH,0.527
2027-02-08T13:00:00Z,3,HB_SOUTH,0.585
2027-02-08T14:00:00Z,3,HB_SOUTH,0.6965
2027-02-08T15:00:00Z,3,HB_SOUTH,0.8492
2027-02-08T16:00:00Z,3,HB_SOUTH,1.029
2027-02-08T17:00:00Z,3,HB_SOUTH,1.189
2027-02-08T18:00:00Z,3,HB_SOUTH,1.266
2027-02-08T19:00:00Z,3,HB_SOUTH,1.2923
2027-02-08T20:00:00Z,3,HB_SOUTH,1.3072
2027-02-08T21:00:00Z,3,HB_SOUTH,1.1598
2027-02-08T22:00:00Z,3,HB_SOUTH,0.9864
2027-02-08T23:00:00Z,3,HB_SOUTH,0.8192
2027-02-09T00:00:00Z,3,HB_SOUTH,0.6929
2027-02-09T01:00:00Z,3,HB_SOUTH,0.571
2027-02-09T02:00:00Z,3,HB_SOUTH,0.5083
2027-02-09T03:00:00Z,3,HB_SOUTH,0.481
2027-02-09T04:00:00Z,3,HB_SOUTH,0.4541
2027-02-09T05:00:00Z,3,HB_SOUTH,0.4446
2027-02-09T06:00:00Z,3,HB_SOUTH,0.4328
2027-02-09T07:00:00Z,3,HB_SOUTH,0.4364
2027-02-09T08:00:00Z,3,HB_SOUTH,0.4319
2027-02-09T09:00:00Z,3,HB_SOUTH,0.4301
2027-02-09T10:00:00Z,3,HB_SOUTH,0.461
2027-02-09T11:00:00Z,3,HB_SOUTH,0.4686
2027-02-09T12:00:00Z,3,HB_SOUTH,0.5042
2027-02-09T13:00:00Z,3,HB_SOUTH,0.5859
2027-02-09T14:00:00Z,3,HB_SOUTH,0.6778
2027-02-09T15:00:00Z,3,HB_SOUTH,0.8472
2027-02-09T16:00:00Z,3,HB_SOUTH,0.9892
2027-02-09T17:00:00Z,3,HB_SOUTH,1.1683
2027-02-09T18:00:00Z,3,HB_SOUTH,1.2679
2027-02-09T19:00:00Z,3,HB_SOUTH,1.2825
2027-02-09T20:00:00Z,3,HB_SOUTH,1.3118
2027-02-09T21:00:00Z,3,HB_SOUTH,1.1334
2027-02-09T22:00:00Z,3,HB_SOUTH,0.9903
2027-02-09T23:00:00Z,3,HB_SOUTH,0.8623
